CustomerID,Gender,Age,Geography,Tenure,Balance,NumOfProducts,HasCrCard,IsActiveMember,EstimatedSalary,AverageMonthlyBalance,ProductsPerCustomer,SalaryToBalanceRatio,Exited
10000001,Male,34,Spain,0,46960.71,2,1,0,117519.92,46960.71,2.0,2.5,0
10000002,Female,26,Germany,6,179947.86,3,1,1,79386.31,25706.84,0.43,0.44,0
10000003,Male,50,France,7,216733.37,4,0,1,129936.76,27091.67,0.5,0.6,0
10000004,Male,37,Germany,2,113486.71,3,0,0,34850.83,37828.9,1.0,0.31,0
10000005,Male,30,Germany,4,205358.0,1,1,0,53195.94,41071.6,0.2,0.26,1
10000006,Female,45,France,0,138664.34,3,0,0,127636.94,138664.34,3.0,0.92,0
10000007,Male,65,France,6,159272.71,4,1,0,69139.23,22753.24,0.57,0.43,1
10000008,Male,46,Germany,4,131569.62,2,1,0,147553.6,26313.92,0.4,1.12,0
10000009,Male,30,France,7,115793.18,4,0,0,80612.93,14474.15,0.5,0.7,1
10000010,Female,63,Spain,7,58663.36,3,0,1,122951.63,7332.92,0.38,2.1,0
10000011,Male,52,Spain,8,75798.51,3,1,1,72299.92,8422.06,0.33,0.95,0
10000012,Male,23,France,6,72492.53,4,1,1,75243.96,10356.08,0.57,1.04,0
10000013,Male,35,Germany,0,140822.23,3,0,0,69774.81,140822.23,3.0,0.5,1
10000014,Male,68,France,2,29988.42,1,1,0,113479.83,9996.14,0.33,3.78,0
10000015,Female,22,France,7,229197.92,4,0,0,91177.32,28649.74,0.5,0.4,1
10000016,Male,64,Germany,2,180163.79,2,1,1,142691.15,60054.6,0.67,0.79,0
10000017,Female,42,Germany,7,100361.41,4,1,0,52615.74,12545.18,0.5,0.52,0
10000018,Female,19,Spain,0,39656.04,1,0,0,33073.16,39656.04,1.0,0.83,0
10000019,Female,27,Germany,4,220498.04,1,0,1,71123.99,44099.61,0.2,0.32,1
10000020,Male,47,Spain,3,205944.52,1,0,0,100172.65,51486.13,0.25,0.49,1
10000021,Female,67,Germany,4,180430.39,1,1,1,131903.86,36086.08,0.2,0.73,1
10000022,Male,62,France,7,67886.76,1,1,1,65005.6,8485.84,0.12,0.96,0
10000023,Female,22,Spain,9,100611.66,2,1,0,104992.28,10061.17,0.2,1.04,0
10000024,Female,50,Spain,3,25687.06,3,1,1,65525.83,6421.76,0.75,2.55,0
10000025,Female,18,Spain,3,47259.88,1,0,0,100238.55,11814.97,0.25,2.12,1
10000026,Female,35,France,2,195754.16,1,1,1,135025.03,65251.39,0.33,0.69,0
10000027,Female,49,France,6,178759.68,4,1,0,50076.49,25537.1,0.57,0.28,0
10000028,Female,64,France,2,148371.44,2,1,1,72551.41,49457.15,0.67,0.49,0
10000029,Female,66,France,2,223931.68,2,0,0,149124.48,74643.89,0.67,0.67,0
10000030,Female,28,France,9,145816.63,3,1,1,132912.41,14581.66,0.3,0.91,0
10000031,Male,38,Spain,4,116742.0,2,1,1,93403.18,23348.4,0.4,0.8,0
10000032,Male,43,France,4,85092.69,4,0,1,87161.59,17018.54,0.8,1.02,0
10000033,Female,42,Spain,5,235112.13,4,1,0,56998.05,39185.36,0.67,0.24,0
10000034,Female,39,France,7,20678.87,3,1,0,87237.23,2584.86,0.38,4.22,1
10000035,Female,44,Germany,9,232721.84,4,0,1,130263.59,23272.18,0.4,0.56,1
10000036,Male,66,Spain,5,206678.66,1,1,0,109072.69,34446.44,0.17,0.53,1
10000037,Female,30,Germany,0,32482.48,1,1,1,57705.72,32482.48,1.0,1.78,1
10000038,Male,50,Spain,7,141246.09,4,1,0,46190.31,17655.76,0.5,0.33,0
10000039,Male,51,Germany,7,216637.0,3,0,1,54477.11,27079.62,0.38,0.25,0
10000040,Male,58,France,8,142952.29,2,1,0,42068.7,15883.59,0.22,0.29,0
10000041,Male,52,France,8,226799.96,3,1,1,32433.29,25200.0,0.33,0.14,0
10000042,Male,18,France,1,235745.95,2,0,1,74487.7,117872.98,1.0,0.32,0
10000043,Female,38,Spain,1,105596.13,4,0,1,34728.95,52798.06,2.0,0.33,0
10000044,Female,65,Germany,2,94328.42,4,1,1,42348.63,31442.81,1.33,0.45,1
10000045,Female,23,France,0,234080.29,1,1,0,91152.21,234080.29,1.0,0.39,0
10000046,Female,45,Germany,3,168785.02,2,1,1,41397.91,42196.26,0.5,0.25,0
10000047,Female,34,Germany,3,29005.67,3,1,0,28304.37,7251.42,0.75,0.98,0
10000048,Male,22,France,8,10572.94,4,0,0,61260.55,1174.77,0.44,5.79,1
10000049,Female,48,France,8,141157.26,3,1,1,48641.48,15684.14,0.33,0.34,0
10000050,Female,22,Germany,8,232542.74,1,0,0,86989.67,25838.08,0.11,0.37,0
10000051,Male,55,France,9,211062.18,2,0,0,33307.72,21106.22,0.2,0.16,0
10000052,Female,20,France,6,168961.94,2,1,0,117730.2,24137.42,0.29,0.7,1
10000053,Male,40,France,1,34778.96,4,1,1,137810.36,17389.48,2.0,3.96,0
10000054,Female,54,Spain,9,63557.85,2,0,0,116646.57,6355.78,0.2,1.84,0
10000055,Male,54,Germany,4,218877.81,4,0,0,89267.51,43775.56,0.8,0.41,1
10000056,Female,27,Germany,3,45701.81,1,1,1,131886.82,11425.45,0.25,2.89,0
10000057,Female,27,Spain,7,69609.85,2,0,1,110339.39,8701.23,0.25,1.59,0
10000058,Male,36,Germany,1,32400.16,4,1,0,21371.65,16200.08,2.0,0.66,1
10000059,Male,34,France,5,169027.06,3,1,1,71231.72,28171.18,0.5,0.42,1
10000060,Male,38,Germany,4,235995.58,4,0,0,130623.75,47199.12,0.8,0.55,0
10000061,Male,31,France,1,67242.01,2,0,0,64961.65,33621.0,1.0,0.97,0
10000062,Male,26,Spain,9,118851.65,1,1,0,24577.97,11885.16,0.1,0.21,0
10000063,Male,63,France,0,158584.93,2,0,1,117003.35,158584.93,2.0,0.74,0
10000064,Male,18,Germany,7,249866.56,2,1,0,124264.98,31233.32,0.25,0.5,0
10000065,Male,68,Germany,1,26202.02,4,1,1,40877.18,13101.01,2.0,1.56,1
10000066,Female,62,Germany,6,124642.7,3,1,1,89854.26,17806.1,0.43,0.72,0
10000067,Female,30,Spain,8,96280.03,2,0,0,44954.21,10697.78,0.22,0.47,0
10000068,Male,21,Spain,8,216455.04,3,1,1,113500.47,24050.56,0.33,0.52,0
10000069,Female,18,Germany,7,118991.93,4,1,1,55301.56,14873.99,0.5,0.46,1
10000070,Female,66,France,9,27744.38,3,1,1,61107.97,2774.44,0.3,2.2,0
10000071,Female,57,Spain,8,158606.04,4,1,1,129846.21,17622.89,0.44,0.82,0
10000072,Female,49,Germany,1,192695.15,1,1,1,81921.91,96347.58,0.5,0.43,0
10000073,Male,51,Germany,5,720.31,3,1,0,107068.08,120.05,0.5,148.44,0
10000074,Female,45,Spain,3,214739.17,3,1,1,72308.5,53684.79,0.75,0.34,0
10000075,Male,48,Spain,3,46505.75,1,1,0,58740.89,11626.44,0.25,1.26,1
10000076,Female,25,Spain,4,138017.34,3,1,0,101312.15,27603.47,0.6,0.73,0
10000077,Female,56,France,2,103949.38,1,1,0,40131.48,34649.79,0.33,0.39,0
10000078,Female,43,France,0,179913.45,2,1,0,68489.98,179913.45,2.0,0.38,1
10000079,Male,51,Germany,7,92790.4,4,0,0,47174.81,11598.8,0.5,0.51,1
10000080,Female,20,Spain,4,217440.79,1,1,0,110453.35,43488.16,0.2,0.51,1
10000081,Male,67,France,2,182624.09,3,1,1,142747.15,60874.7,1.0,0.78,1
10000082,Female,29,Spain,9,161928.29,1,1,1,149416.43,16192.83,0.1,0.92,0
10000083,Male,18,Germany,6,199060.15,3,0,1,78535.99,28437.16,0.43,0.39,0
10000084,Female,61,France,6,188505.76,2,1,0,52828.95,26929.39,0.29,0.28,1
10000085,Male,22,France,0,8984.67,1,0,1,77567.82,8984.67,1.0,8.63,1
10000086,Male,47,France,8,98683.59,2,1,1,130145.02,10964.84,0.22,1.32,0
10000087,Female,47,Germany,1,232701.82,4,1,1,46780.74,116350.91,2.0,0.2,0
10000088,Male,34,Spain,4,31431.07,3,0,0,143772.43,6286.21,0.6,4.57,1
10000089,Female,65,France,4,184274.14,3,1,1,64442.55,36854.83,0.6,0.35,0
10000090,Female,64,Germany,7,243647.95,2,0,0,148154.48,30455.99,0.25,0.61,0
10000091,Female,40,Spain,7,13049.66,4,0,1,129019.16,1631.21,0.5,9.89,0
10000092,Female,32,Germany,6,170548.47,1,1,0,125114.17,24364.07,0.14,0.73,1
10000093,Female,54,Spain,6,117038.54,1,1,0,61327.61,16719.79,0.14,0.52,1
10000094,Female,38,Germany,5,144793.81,3,1,0,21141.04,24132.3,0.5,0.15,0
10000095,Female,31,Spain,5,21335.33,2,1,1,69677.28,3555.89,0.33,3.27,1
10000096,Female,19,France,8,10751.74,2,0,1,59235.22,1194.64,0.22,5.51,0
10000097,Female,28,Spain,5,166716.67,1,0,0,24861.61,27786.11,0.17,0.15,0
10000098,Female,68,Germany,1,205827.36,4,1,1,85697.48,102913.68,2.0,0.42,0
10000099,Female,56,Germany,1,195503.83,4,0,0,72394.07,97751.92,2.0,0.37,0
10000100,Male,55,Spain,4,135951.43,1,0,0,102492.34,27190.29,0.2,0.75,0
10000101,Male,51,France,3,24966.71,1,1,1,100754.22,6241.68,0.25,4.04,1
10000102,Female,55,France,1,172011.11,2,0,1,35697.06,86005.56,1.0,0.21,0
10000103,Female,67,Spain,2,60472.22,4,0,1,147005.52,20157.41,1.33,2.43,0
10000104,Female,51,Spain,6,227767.18,1,1,0,44301.09,32538.17,0.14,0.19,1
10000105,Female,35,Germany,7,209566.34,1,0,0,77885.62,26195.79,0.12,0.37,1
10000106,Female,47,France,5,177345.74,3,1,1,83455.28,29557.62,0.5,0.47,0
10000107,Female,32,Spain,4,237211.49,1,0,0,125698.16,47442.3,0.2,0.53,1
10000108,Female,44,France,0,7855.46,1,1,1,32899.85,7855.46,1.0,4.19,1
10000109,Female,68,Spain,7,184050.11,4,0,0,75723.76,23006.26,0.5,0.41,0
10000110,Male,51,Spain,2,82560.69,2,0,1,101705.28,27520.23,0.67,1.23,0
10000111,Female,69,France,5,226516.47,4,1,1,47970.23,37752.75,0.67,0.21,0
10000112,Male,55,Spain,2,66668.8,2,1,0,101570.83,22222.93,0.67,1.52,0
10000113,Female,50,Spain,6,181214.12,3,1,1,140076.43,25887.73,0.43,0.77,1
10000114,Female,41,Germany,6,219411.75,1,1,1,149677.36,31344.54,0.14,0.68,0
10000115,Male,32,Spain,8,10414.2,3,0,0,24218.64,1157.13,0.33,2.33,0
10000116,Female,47,Spain,4,99411.89,2,0,1,50626.47,19882.38,0.4,0.51,0
10000117,Male,59,Spain,7,190577.26,4,0,0,60339.93,23822.16,0.5,0.32,1
10000118,Female,68,Germany,9,113729.72,4,1,1,71886.39,11372.97,0.4,0.63,0
10000119,Female,34,France,9,66813.16,3,0,0,51493.43,6681.32,0.3,0.77,1
10000120,Male,22,Germany,7,54951.34,2,0,1,46453.44,6868.92,0.25,0.85,0
10000121,Female,46,Germany,0,32879.57,3,1,1,144092.0,32879.57,3.0,4.38,0
10000122,Male,21,France,4,214282.39,3,1,1,139407.81,42856.48,0.6,0.65,1
10000123,Female,27,Germany,2,143838.85,1,0,1,26109.03,47946.28,0.33,0.18,0
10000124,Male,34,France,0,19096.24,3,1,0,64045.69,19096.24,3.0,3.35,1
10000125,Male,27,Germany,3,95645.08,1,0,0,72669.31,23911.27,0.25,0.76,0
10000126,Female,34,France,7,91933.41,1,0,0,51071.89,11491.68,0.12,0.56,0
10000127,Female,37,Spain,2,45434.8,4,1,0,101753.48,15144.93,1.33,2.24,1
10000128,Male,41,Germany,9,108876.91,1,0,0,103249.5,10887.69,0.1,0.95,1
10000129,Female,22,Germany,1,83024.84,1,1,0,130565.55,41512.42,0.5,1.57,0
10000130,Female,51,Germany,8,85450.93,4,1,0,116313.0,9494.55,0.44,1.36,1
10000131,Female,23,Germany,9,184756.64,3,0,1,90534.53,18475.66,0.3,0.49,1
10000132,Male,19,Spain,4,55815.85,2,0,1,104966.28,11163.17,0.4,1.88,0
10000133,Male,30,Germany,6,160464.99,2,0,1,55618.54,22923.57,0.29,0.35,0
10000134,Male,60,Spain,1,142662.41,2,1,1,97097.3,71331.2,1.0,0.68,1
10000135,Male,60,Spain,8,142023.13,3,0,0,83599.54,15780.35,0.33,0.59,0
10000136,Male,65,Spain,8,165751.84,1,1,0,37334.78,18416.87,0.11,0.23,1
10000137,Male,28,Spain,3,137095.51,2,1,0,51530.76,34273.88,0.5,0.38,0
10000138,Male,68,France,3,219813.78,3,0,1,57920.15,54953.44,0.75,0.26,0
10000139,Male,64,France,5,168895.02,1,1,0,140160.24,28149.17,0.17,0.83,1
10000140,Male,40,Germany,9,136740.81,4,0,1,49950.26,13674.08,0.4,0.37,0
10000141,Female,33,France,9,207440.78,2,0,0,57601.71,20744.08,0.2,0.28,0
10000142,Male,48,France,9,151536.64,1,0,0,68016.04,15153.66,0.1,0.45,1
10000143,Female,28,Germany,5,72786.06,2,0,0,106286.56,12131.01,0.33,1.46,1
10000144,Female,33,Germany,0,51773.73,2,0,0,35370.99,51773.73,2.0,0.68,0
10000145,Female,25,Germany,8,38081.95,2,0,1,144012.88,4231.33,0.22,3.78,0
10000146,Male,21,France,1,224863.8,1,0,1,132524.26,112431.9,0.5,0.59,0
10000147,Male,57,France,4,177533.86,3,1,0,95038.09,35506.77,0.6,0.54,1
10000148,Male,21,Germany,8,234344.61,1,0,1,107624.92,26038.29,0.11,0.46,0
10000149,Male,42,Spain,3,150822.95,2,1,0,22165.86,37705.74,0.5,0.15,0
10000150,Female,20,Germany,2,118350.22,1,1,0,64062.82,39450.07,0.33,0.54,1
10000151,Male,49,Spain,6,14929.12,4,1,0,123435.83,2132.73,0.57,8.27,1
10000152,Male,20,Spain,5,167910.57,3,0,0,30072.79,27985.1,0.5,0.18,0
10000153,Male,44,Germany,7,145552.19,1,1,1,56700.8,18194.02,0.12,0.39,0
10000154,Male,46,Germany,2,247552.22,4,1,0,96088.59,82517.41,1.33,0.39,0
10000155,Male,49,Germany,4,59789.69,3,0,0,53333.69,11957.94,0.6,0.89,1
10000156,Female,67,France,9,132684.34,4,0,1,141417.14,13268.43,0.4,1.07,0
10000157,Male,68,Spain,3,162739.33,3,1,0,37037.62,40684.83,0.75,0.23,0
10000158,Female,36,France,3,161147.79,1,0,1,123661.27,40286.95,0.25,0.77,0
10000159,Male,38,France,3,140323.39,4,0,0,86033.33,35080.85,1.0,0.61,0
10000160,Female,22,Germany,9,194232.0,2,0,0,117543.0,19423.2,0.2,0.61,1
10000161,Male,35,France,7,51245.3,4,0,0,60392.99,6405.66,0.5,1.18,0
10000162,Male,45,Germany,5,181406.8,3,1,0,86883.65,30234.47,0.5,0.48,0
10000163,Female,59,Spain,2,154933.64,1,0,0,131388.6,51644.55,0.33,0.85,0
10000164,Female,39,Germany,9,224018.78,3,0,0,80694.15,22401.88,0.3,0.36,0
10000165,Female,38,France,4,211798.61,4,0,1,66763.58,42359.72,0.8,0.32,0
10000166,Male,23,France,5,78786.76,4,1,0,89700.2,13131.13,0.67,1.14,0
10000167,Female,18,Germany,4,69059.33,2,1,1,113257.16,13811.87,0.4,1.64,0
10000168,Male,22,Germany,5,245413.33,1,0,1,77663.23,40902.22,0.17,0.32,0
10000169,Male,58,France,7,131816.3,1,0,0,142054.01,16477.04,0.12,1.08,1
10000170,Female,29,Spain,6,226605.24,4,1,1,58342.96,32372.18,0.57,0.26,0
10000171,Female,43,Spain,4,40970.26,1,0,0,81810.27,8194.05,0.2,2.0,0
10000172,Male,63,Germany,9,160704.73,2,0,1,118400.6,16070.47,0.2,0.74,0
10000173,Male,51,Spain,5,202465.05,3,1,0,109585.74,33744.17,0.5,0.54,0
10000174,Female,66,France,3,236848.81,1,0,1,132273.34,59212.2,0.25,0.56,0
10000175,Female,31,Germany,8,84335.04,4,0,1,149585.19,9370.56,0.44,1.77,0
10000176,Female,43,France,3,181245.29,3,1,0,75491.58,45311.32,0.75,0.42,0
10000177,Male,62,France,0,134703.25,3,1,1,34449.61,134703.25,3.0,0.26,1
10000178,Male,44,Spain,6,15157.23,2,0,0,23954.06,2165.32,0.29,1.58,0
10000179,Male,26,Germany,6,172499.93,4,1,0,114494.0,24642.85,0.57,0.66,1
10000180,Male,43,Germany,3,172524.14,1,0,0,133621.78,43131.04,0.25,0.77,0
10000181,Male,64,Spain,2,232651.7,4,0,0,48692.64,77550.57,1.33,0.21,0
10000182,Male,39,France,7,124328.11,3,0,0,40598.24,15541.01,0.38,0.33,0
10000183,Female,64,France,4,57562.73,4,1,1,28086.66,11512.55,0.8,0.49,0
10000184,Male,47,France,9,11140.96,1,1,1,126951.38,1114.1,0.1,11.39,1
10000185,Male,60,France,6,103910.55,1,0,1,60479.65,14844.36,0.14,0.58,1
10000186,Male,65,Germany,3,75479.18,2,0,0,72220.6,18869.79,0.5,0.96,0
10000187,Female,34,Germany,3,190272.08,1,1,1,85357.52,47568.02,0.25,0.45,1
10000188,Male,43,Spain,7,88566.94,1,1,1,129128.92,11070.87,0.12,1.46,0
10000189,Male,53,Spain,7,237267.8,4,1,1,104608.32,29658.48,0.5,0.44,1
10000190,Female,18,Germany,1,240577.55,4,0,1,99958.4,120288.78,2.0,0.42,1
10000191,Male,25,Germany,1,155227.15,3,1,1,42837.37,77613.58,1.5,0.28,0
10000192,Male,66,France,2,232165.07,2,1,0,86714.69,77388.36,0.67,0.37,1
10000193,Male,52,France,2,190213.59,4,0,0,112999.53,63404.53,1.33,0.59,0
10000194,Male,69,Spain,0,136714.91,1,0,1,146523.91,136714.91,1.0,1.07,1
10000195,Male,32,Germany,2,45076.98,3,0,0,46182.82,15025.66,1.0,1.02,0
10000196,Female,64,Spain,5,114649.49,4,1,0,21240.64,19108.25,0.67,0.19,1
10000197,Female,39,Germany,7,140218.62,2,0,1,29789.19,17527.33,0.25,0.21,0
10000198,Female,31,France,9,215990.4,2,0,1,68860.82,21599.04,0.2,0.32,0
10000199,Male,43,Spain,5,120333.34,3,0,0,126670.8,20055.56,0.5,1.05,1
10000200,Male,45,Spain,4,224418.67,3,0,1,20928.47,44883.73,0.6,0.09,0
10000201,Male,40,Germany,3,168587.24,3,1,0,79374.98,42146.81,0.75,0.47,1
10000202,Female,31,France,2,34249.77,3,0,0,62799.98,11416.59,1.0,1.83,1
10000203,Male,41,Spain,3,248745.34,3,1,1,26822.62,62186.34,0.75,0.11,0
10000204,Male,19,France,6,131808.17,1,1,0,78530.72,18829.74,0.14,0.6,1
10000205,Female,62,Spain,0,97964.57,1,1,0,53117.33,97964.57,1.0,0.54,1
10000206,Male,43,France,6,164778.44,4,0,0,65745.03,23539.78,0.57,0.4,0
10000207,Female,31,Germany,0,27223.33,2,1,1,111729.99,27223.33,2.0,4.1,0
10000208,Female,68,Spain,1,159134.66,1,0,1,87801.63,79567.33,0.5,0.55,0
10000209,Female,24,Spain,3,124559.0,1,0,1,36204.17,31139.75,0.25,0.29,0
10000210,Male,20,France,0,101668.52,1,0,1,144983.89,101668.52,1.0,1.43,0
10000211,Male,64,France,8,238255.01,4,1,0,102668.4,26472.78,0.44,0.43,1
10000212,Male,40,Spain,5,130634.93,3,0,1,119562.9,21772.49,0.5,0.92,1
10000213,Male,63,Germany,0,54779.37,4,0,1,30297.71,54779.37,4.0,0.55,0
10000214,Male,60,France,0,114740.87,2,0,1,26117.59,114740.87,2.0,0.23,1
10000215,Male,64,France,5,229846.85,2,1,1,22528.25,38307.81,0.33,0.1,0
10000216,Male,62,France,3,44023.87,2,1,0,44543.22,11005.97,0.5,1.01,1
10000217,Female,35,Spain,3,53489.26,2,1,0,73873.09,13372.32,0.5,1.38,1
10000218,Male,55,Spain,5,3257.39,1,0,0,141657.4,542.9,0.17,43.47,1
10000219,Female,52,Spain,6,3547.51,1,1,1,79417.76,506.79,0.14,22.38,1
10000220,Male,68,Spain,8,207347.91,4,0,1,57733.16,23038.66,0.44,0.28,0
10000221,Male,32,Germany,9,183030.65,3,0,0,93051.58,18303.06,0.3,0.51,1
10000222,Male,42,Germany,4,88760.26,2,1,1,34551.5,17752.05,0.4,0.39,0
10000223,Female,54,Spain,8,174577.79,4,0,1,99235.77,19397.53,0.44,0.57,0
10000224,Female,45,Germany,3,98801.48,1,1,0,93896.15,24700.37,0.25,0.95,1
10000225,Female,27,France,9,238224.2,1,0,0,122959.09,23822.42,0.1,0.52,1
10000226,Female,56,France,1,241763.17,3,1,1,148269.39,120881.58,1.5,0.61,0
10000227,Male,34,France,2,98198.44,3,0,1,52613.55,32732.81,1.0,0.54,0
10000228,Female,56,Spain,0,213555.48,3,0,1,86255.34,213555.48,3.0,0.4,0
10000229,Male,39,France,5,193272.26,4,0,0,138152.5,32212.04,0.67,0.71,1
10000230,Male,43,Germany,5,77499.98,1,0,0,122074.68,12916.66,0.17,1.58,0
10000231,Female,61,Spain,0,58009.96,1,0,0,83362.82,58009.96,1.0,1.44,0
10000232,Female,42,Germany,2,114558.66,3,1,0,142898.31,38186.22,1.0,1.25,0
10000233,Female,34,France,4,195337.21,2,0,1,27440.77,39067.44,0.4,0.14,0
10000234,Female,30,France,2,240041.95,3,1,0,141029.82,80013.98,1.0,0.59,0
10000235,Female,37,France,9,190894.77,4,1,0,26565.96,19089.48,0.4,0.14,0
10000236,Female,42,Spain,2,213801.75,3,1,1,91149.62,71267.25,1.0,0.43,0
10000237,Female,21,Germany,9,150766.08,3,0,1,135757.32,15076.61,0.3,0.9,0
10000238,Female,27,Spain,2,208851.96,4,0,1,54153.72,69617.32,1.33,0.26,0
10000239,Male,20,Spain,4,196105.21,3,0,0,81392.3,39221.04,0.6,0.42,0
10000240,Female,58,France,4,94246.39,1,1,1,62162.75,18849.28,0.2,0.66,1
10000241,Female,62,Spain,3,137997.58,2,0,1,143778.71,34499.39,0.5,1.04,0
10000242,Male,35,Spain,0,201188.28,3,0,0,127073.93,201188.28,3.0,0.63,0
10000243,Female,64,France,4,11514.18,4,1,0,112170.2,2302.84,0.8,9.74,1
10000244,Male,53,Spain,9,202019.82,2,1,1,96391.51,20201.98,0.2,0.48,0
10000245,Male,64,France,4,44472.03,4,1,0,126676.93,8894.41,0.8,2.85,1
10000246,Female,39,France,3,128670.9,2,1,1,70994.72,32167.72,0.5,0.55,0
10000247,Male,51,France,5,202068.86,2,1,1,78181.74,33678.14,0.33,0.39,0
10000248,Male,64,France,9,63455.27,3,1,0,114900.22,6345.53,0.3,1.81,1
10000249,Male,25,Spain,3,61451.86,1,0,1,66508.12,15362.96,0.25,1.08,1
10000250,Male,57,France,6,100691.1,3,1,0,28307.12,14384.44,0.43,0.28,0
10000251,Female,66,France,6,223660.7,4,0,0,29663.5,31951.53,0.57,0.13,1
10000252,Male,61,Spain,1,110.7,4,0,0,34997.16,55.35,2.0,313.31,1
10000253,Female,36,Spain,2,225345.77,2,0,1,133058.57,75115.26,0.67,0.59,0
10000254,Male,59,Germany,0,38451.76,2,1,0,81389.44,38451.76,2.0,2.12,1
10000255,Male,58,Spain,7,247521.59,1,0,0,112674.71,30940.2,0.12,0.46,1
10000256,Male,54,Spain,8,238711.75,3,1,1,71078.21,26523.53,0.33,0.3,0
10000257,Male,23,Germany,3,123668.8,4,1,1,53632.42,30917.2,1.0,0.43,0
10000258,Female,69,Spain,5,128180.06,2,0,1,65134.98,21363.34,0.33,0.51,0
10000259,Female,43,Spain,8,120387.34,1,1,1,123243.7,13376.37,0.11,1.02,1
10000260,Male,51,Spain,5,158860.91,4,0,0,101278.1,26476.82,0.67,0.64,1
10000261,Male,62,Spain,8,22680.43,2,0,0,141893.17,2520.05,0.22,6.26,1
10000262,Female,23,Germany,3,8154.49,4,1,0,108361.62,2038.62,1.0,13.29,0
10000263,Male,54,Spain,7,14425.73,1,0,1,94123.61,1803.22,0.12,6.52,0
10000264,Male,50,Spain,8,111091.34,1,0,1,99325.48,12343.48,0.11,0.89,1
10000265,Male,39,Germany,3,68886.98,4,0,0,142508.29,17221.74,1.0,2.07,1
10000266,Female,38,France,4,155509.89,3,1,1,122466.12,31101.98,0.6,0.79,1
10000267,Female,23,Germany,7,248110.57,4,0,1,23125.36,31013.82,0.5,0.09,0
10000268,Female,23,France,9,96580.79,2,1,0,89438.16,9658.08,0.2,0.93,1
10000269,Male,65,Germany,5,143460.31,3,1,0,109483.99,23910.05,0.5,0.76,0
10000270,Male,21,Germany,6,103900.97,2,0,1,117330.8,14843.0,0.29,1.13,1
10000271,Female,47,Spain,2,211817.92,4,0,1,47708.48,70605.97,1.33,0.23,0
10000272,Female,28,France,6,225559.1,3,1,1,132733.06,32222.73,0.43,0.59,0
10000273,Female,47,Spain,7,219338.9,2,1,0,144259.61,27417.36,0.25,0.66,0
10000274,Female,48,France,9,243593.06,4,0,0,50772.99,24359.31,0.4,0.21,1
10000275,Male,41,Germany,5,6879.8,4,0,0,134740.01,1146.63,0.67,19.58,1
10000276,Female,26,Germany,9,209954.04,3,1,0,32607.24,20995.4,0.3,0.16,0
10000277,Male,20,France,8,187943.04,4,1,0,27241.89,20882.56,0.44,0.14,1
10000278,Female,68,Spain,5,57173.6,1,1,1,36799.09,9528.93,0.17,0.64,1
10000279,Male,48,Spain,8,239080.02,2,1,1,27506.34,26564.45,0.22,0.12,0
10000280,Female,57,Spain,3,37044.48,2,1,1,129851.59,9261.12,0.5,3.51,0
10000281,Female,54,Spain,7,169887.48,4,0,0,27676.52,21235.94,0.5,0.16,1
10000282,Female,53,Germany,3,56222.55,4,1,0,55316.34,14055.64,1.0,0.98,1
10000283,Female,41,Germany,1,107845.16,1,1,0,33488.32,53922.58,0.5,0.31,1
10000284,Male,48,Germany,9,179789.97,3,0,1,58404.86,17979.0,0.3,0.32,0
10000285,Female,23,Germany,8,140831.16,4,0,0,31772.73,15647.91,0.44,0.23,0
10000286,Male,19,Germany,4,106875.46,4,1,0,106840.42,21375.09,0.8,1.0,1
10000287,Male,37,Spain,3,81584.61,4,1,1,37332.49,20396.15,1.0,0.46,0
10000288,Male,45,Spain,1,209914.91,4,0,0,130739.97,104957.46,2.0,0.62,0
10000289,Male,28,Spain,0,35953.59,2,1,1,126234.84,35953.59,2.0,3.51,0
10000290,Female,21,Spain,6,107525.72,4,1,0,21776.02,15360.82,0.57,0.2,1
10000291,Male,32,Germany,5,225939.39,2,0,0,136444.43,37656.56,0.33,0.6,1
10000292,Male,23,Germany,1,211462.39,4,1,1,23762.76,105731.2,2.0,0.11,0
10000293,Male,66,Germany,7,100235.44,3,0,1,51153.95,12529.43,0.38,0.51,0
10000294,Female,47,France,3,190777.09,1,0,1,24210.59,47694.27,0.25,0.13,1
10000295,Female,55,Spain,7,205790.21,3,0,1,63659.65,25723.78,0.38,0.31,0
10000296,Female,68,Spain,6,222221.86,4,0,1,86802.65,31745.98,0.57,0.39,0
10000297,Female,19,Germany,4,136126.44,4,1,1,123563.83,27225.29,0.8,0.91,0
10000298,Male,32,Spain,9,51115.22,4,0,0,63937.6,5111.52,0.4,1.25,1
10000299,Male,28,Spain,9,63827.27,3,1,0,111713.7,6382.73,0.3,1.75,0
10000300,Female,25,Germany,7,73923.67,4,1,1,44375.58,9240.46,0.5,0.6,0
10000301,Male,43,France,8,148450.62,3,1,0,117577.8,16494.51,0.33,0.79,0
10000302,Male,68,France,4,8202.41,2,1,1,50679.56,1640.48,0.4,6.18,1
10000303,Male,62,France,9,159010.62,1,1,0,38660.82,15901.06,0.1,0.24,0
10000304,Female,61,Germany,4,91088.56,1,0,1,44103.15,18217.71,0.2,0.48,1
10000305,Female,22,Spain,1,73810.45,3,0,0,43668.21,36905.22,1.5,0.59,1
10000306,Male,23,Germany,4,219874.14,2,0,0,86672.17,43974.83,0.4,0.39,0
10000307,Female,43,Germany,2,115000.6,3,0,0,129823.69,38333.53,1.0,1.13,1
10000308,Female,21,Spain,6,23763.26,2,1,0,30348.66,3394.75,0.29,1.28,1
10000309,Female,36,France,9,206686.69,4,0,0,111904.32,20668.67,0.4,0.54,1
10000310,Female,37,France,4,11910.31,2,1,1,105065.04,2382.06,0.4,8.82,0
10000311,Female,50,Germany,7,181687.31,2,1,1,133427.59,22710.91,0.25,0.73,0
10000312,Male,37,France,0,193476.56,2,0,1,51739.18,193476.56,2.0,0.27,0
10000313,Female,66,Germany,2,88150.65,1,0,0,78514.28,29383.55,0.33,0.89,0
10000314,Male,29,Germany,2,206196.96,2,0,1,140357.56,68732.32,0.67,0.68,0
10000315,Male,64,Spain,8,128914.85,4,0,0,105799.15,14323.87,0.44,0.82,0
10000316,Female,18,Spain,4,115823.41,4,1,0,70539.89,23164.68,0.8,0.61,0
10000317,Male,43,Spain,8,11350.82,4,1,0,37083.61,1261.2,0.44,3.27,0
10000318,Male,31,Germany,8,72507.3,2,0,1,54123.05,8056.37,0.22,0.75,0
10000319,Male,55,Spain,0,232752.49,3,1,0,95558.01,232752.49,3.0,0.41,1
10000320,Female,54,France,1,97955.99,3,1,1,113361.83,48978.0,1.5,1.16,0
10000321,Female,28,France,4,136675.13,4,1,1,36174.85,27335.03,0.8,0.26,0
10000322,Male,53,Germany,3,133005.42,1,0,0,97947.64,33251.36,0.25,0.74,0
10000323,Female,30,Germany,9,147607.77,3,1,0,91545.67,14760.78,0.3,0.62,0
10000324,Female,60,Spain,8,15332.74,2,0,1,86814.21,1703.64,0.22,5.66,1
10000325,Female,20,Germany,6,90544.06,3,0,1,109716.01,12934.87,0.43,1.21,0
10000326,Female,50,Germany,5,180782.07,4,1,1,128868.45,30130.34,0.67,0.71,0
10000327,Male,23,France,6,50140.06,1,1,1,61988.66,7162.87,0.14,1.24,0
10000328,Male,67,France,0,50894.59,3,0,1,135571.58,50894.59,3.0,2.66,0
10000329,Female,27,Spain,0,2522.65,3,1,1,40882.37,2522.65,3.0,16.2,0
10000330,Female,22,Germany,7,109370.48,4,1,0,42493.1,13671.31,0.5,0.39,1
10000331,Male,40,Germany,1,220683.6,1,0,1,54680.37,110341.8,0.5,0.25,0
10000332,Male,27,France,9,12975.24,1,0,1,35539.01,1297.52,0.1,2.74,1
10000333,Female,61,Germany,8,47779.68,4,0,1,49941.5,5308.85,0.44,1.05,0
10000334,Male,19,France,6,77521.13,2,0,1,33833.53,11074.45,0.29,0.44,0
10000335,Female,30,Spain,5,182931.18,3,1,0,126827.81,30488.53,0.5,0.69,0
10000336,Female,57,France,0,160158.9,2,1,0,38065.97,160158.9,2.0,0.24,1
10000337,Male,19,Germany,0,103985.98,3,0,1,117148.68,103985.98,3.0,1.13,0
10000338,Male,37,Spain,1,189767.23,3,0,1,26228.8,94883.62,1.5,0.14,0
10000339,Female,18,France,5,152407.75,2,0,1,143307.64,25401.29,0.33,0.94,0
10000340,Female,54,France,5,224010.2,4,1,0,112450.81,37335.03,0.67,0.5,0
10000341,Male,26,Spain,1,204506.69,4,0,0,20883.55,102253.34,2.0,0.1,1
10000342,Female,34,Spain,0,63203.4,3,1,0,119301.35,63203.4,3.0,1.89,0
10000343,Male,26,France,9,67859.64,4,0,0,86830.65,6785.96,0.4,1.28,0
10000344,Female,28,Germany,4,31339.12,3,0,0,121317.47,6267.82,0.6,3.87,1
10000345,Male,32,France,4,84241.18,4,0,0,87924.59,16848.24,0.8,1.04,0
10000346,Male,41,Spain,1,249885.98,3,1,1,103333.23,124942.99,1.5,0.41,0
10000347,Male,55,France,5,101437.79,4,1,0,122223.12,16906.3,0.67,1.2,0
10000348,Female,52,Spain,8,55122.11,1,1,0,72664.05,6124.68,0.11,1.32,0
10000349,Female,47,Spain,1,190620.72,2,0,1,20352.06,95310.36,1.0,0.11,0
10000350,Male,48,Germany,9,135617.75,1,1,0,130493.04,13561.78,0.1,0.96,1
10000351,Female,66,Spain,1,37400.36,2,1,1,69515.75,18700.18,1.0,1.86,1
10000352,Male,22,Spain,2,95172.42,2,0,0,84485.55,31724.14,0.67,0.89,0
10000353,Male,61,Germany,6,103617.43,3,0,1,21009.66,14802.49,0.43,0.2,0
10000354,Female,67,Spain,5,188457.43,2,1,1,83971.96,31409.57,0.33,0.45,0
10000355,Female,31,Germany,7,5167.84,1,1,1,148243.36,645.98,0.12,28.68,0
10000356,Male,28,Germany,7,67254.91,1,1,1,56174.8,8406.86,0.12,0.84,1
10000357,Female,26,Spain,5,129399.08,4,1,1,71404.38,21566.51,0.67,0.55,0
10000358,Female,51,Spain,9,67211.69,1,0,0,109334.7,6721.17,0.1,1.63,0
10000359,Male,29,France,2,157108.51,4,0,0,125923.18,52369.5,1.33,0.8,1
10000360,Male,52,Germany,2,120466.87,2,0,1,74260.91,40155.62,0.67,0.62,0
10000361,Female,52,France,0,90427.56,1,1,1,60256.95,90427.56,1.0,0.67,1
10000362,Male,18,Spain,6,237302.16,2,1,1,141917.35,33900.31,0.29,0.6,0
10000363,Male,57,France,4,158039.87,1,0,0,108028.85,31607.97,0.2,0.68,0
10000364,Female,39,Germany,3,32485.34,1,0,1,35472.77,8121.34,0.25,1.09,1
10000365,Male,46,France,9,140022.92,4,1,1,28960.62,14002.29,0.4,0.21,0
10000366,Male,25,Germany,3,195182.96,2,1,1,82861.48,48795.74,0.5,0.42,1
10000367,Female,28,Spain,3,177122.42,1,0,1,48611.71,44280.6,0.25,0.27,1
10000368,Female,58,Spain,5,43022.31,3,0,0,53018.02,7170.38,0.5,1.23,1
10000369,Male,54,Germany,7,243105.0,2,0,1,134099.98,30388.12,0.25,0.55,0
10000370,Male,31,Spain,7,112203.41,2,1,1,31643.58,14025.43,0.25,0.28,0
10000371,Female,47,Spain,4,39756.25,2,1,0,112997.33,7951.25,0.4,2.84,1
10000372,Female,52,Spain,5,45048.94,4,1,1,55248.49,7508.16,0.67,1.23,0
10000373,Female,38,Spain,3,24558.75,3,1,1,118842.67,6139.69,0.75,4.84,0
10000374,Female,54,Germany,8,200879.53,2,1,0,113913.48,22319.95,0.22,0.57,0
10000375,Male,22,France,7,30507.62,1,1,0,20960.95,3813.45,0.12,0.69,1
10000376,Female,36,France,9,31281.31,1,0,0,86187.6,3128.13,0.1,2.76,1
10000377,Female,31,Spain,9,212617.9,4,0,1,38111.53,21261.79,0.4,0.18,0
10000378,Male,43,France,0,86151.02,1,1,1,132609.51,86151.02,1.0,1.54,0
10000379,Female,21,France,1,7714.48,2,0,0,133306.16,3857.24,1.0,17.28,0
10000380,Male,42,Spain,8,12973.82,1,1,0,74384.95,1441.54,0.11,5.73,0
10000381,Female,62,Spain,7,35542.61,2,0,0,77771.43,4442.83,0.25,2.19,0
10000382,Female,59,France,2,53348.34,1,1,1,59426.78,17782.78,0.33,1.11,1
10000383,Female,42,Germany,7,166286.55,3,0,1,113158.82,20785.82,0.38,0.68,1
10000384,Male,35,Spain,0,39331.57,4,0,0,66625.98,39331.57,4.0,1.69,1
10000385,Male,57,Germany,9,29718.6,4,1,1,54813.02,2971.86,0.4,1.84,1
10000386,Female,25,France,3,191179.79,3,1,0,76190.04,47794.95,0.75,0.4,1
10000387,Male,56,Spain,2,167763.82,3,0,1,31893.38,55921.27,1.0,0.19,0
10000388,Male,57,Germany,5,108831.06,4,0,1,117058.42,18138.51,0.67,1.08,0
10000389,Male,31,Spain,6,137327.44,3,1,1,21637.53,19618.21,0.43,0.16,1
10000390,Male,49,France,3,77996.01,2,0,1,103783.06,19499.0,0.5,1.33,0
10000391,Male,68,Germany,6,120625.11,1,1,0,43772.39,17232.16,0.14,0.36,1
10000392,Male,55,France,8,126668.16,4,1,1,50212.53,14074.24,0.44,0.4,0
10000393,Female,50,France,1,96809.32,3,0,1,102632.16,48404.66,1.5,1.06,0
10000394,Female,40,Spain,2,226643.05,2,1,0,149082.65,75547.68,0.67,0.66,0
10000395,Male,32,Germany,4,4015.47,4,0,1,121103.27,803.09,0.8,30.15,1
10000396,Female,50,France,2,195542.82,3,0,0,49359.15,65180.94,1.0,0.25,1
10000397,Female,42,France,7,31095.71,4,1,0,42883.22,3886.96,0.5,1.38,0
10000398,Female,34,Germany,9,199386.84,3,0,1,132610.27,19938.68,0.3,0.67,0
10000399,Female,50,France,7,153977.98,4,1,1,77743.91,19247.25,0.5,0.5,0
10000400,Male,64,France,7,210819.52,2,1,0,37816.86,26352.44,0.25,0.18,1
10000401,Female,19,Germany,8,24378.58,2,1,0,132087.49,2708.73,0.22,5.42,0
10000402,Female,31,Germany,3,139745.16,1,0,0,126092.01,34936.29,0.25,0.9,1
10000403,Male,57,Germany,4,125271.97,4,1,1,147907.83,25054.39,0.8,1.18,0
10000404,Male,57,Germany,4,176548.3,1,0,0,138266.68,35309.66,0.2,0.78,0
10000405,Female,68,Spain,7,133572.64,4,1,0,130732.74,16696.58,0.5,0.98,0
10000406,Female,56,Germany,6,135183.64,3,1,0,26834.67,19311.95,0.43,0.2,0
10000407,Female,68,Spain,8,107398.99,3,1,1,33574.0,11933.22,0.33,0.31,0
10000408,Female,23,Spain,7,77208.61,1,0,0,93967.82,9651.08,0.12,1.22,0
10000409,Female,23,Spain,1,120566.09,4,0,1,89092.3,60283.04,2.0,0.74,0
10000410,Female,20,France,9,29623.09,1,1,1,79535.22,2962.31,0.1,2.68,1
10000411,Male,24,Spain,3,240378.33,2,1,0,71582.61,60094.58,0.5,0.3,0
10000412,Female,68,Spain,5,178602.69,1,0,1,76057.36,29767.12,0.17,0.43,1
10000413,Female,25,France,1,238116.78,1,0,0,94008.73,119058.39,0.5,0.39,1
10000414,Male,59,France,6,56681.85,3,0,1,20269.95,8097.41,0.43,0.36,0
10000415,Male,69,France,2,219835.26,1,1,1,53892.14,73278.42,0.33,0.25,0
10000416,Male,32,Germany,2,202197.5,4,0,0,87376.36,67399.17,1.33,0.43,1
10000417,Male,64,France,1,169288.1,3,1,0,113888.09,84644.05,1.5,0.67,0
10000418,Female,46,France,7,156257.3,1,0,0,42640.37,19532.16,0.12,0.27,1
10000419,Female,50,Spain,5,79137.42,2,1,1,91094.55,13189.57,0.33,1.15,0
10000420,Female,69,France,0,204102.7,1,1,1,112879.76,204102.7,1.0,0.55,1
10000421,Female,47,Germany,0,125378.87,1,1,0,77801.6,125378.87,1.0,0.62,0
10000422,Female,56,France,6,17722.89,1,0,0,23520.55,2531.84,0.14,1.33,0
10000423,Female,44,Germany,7,78215.79,3,0,1,78404.86,9776.97,0.38,1.0,1
10000424,Male,53,France,4,233824.27,4,0,1,58537.84,46764.85,0.8,0.25,0
10000425,Female,46,France,4,212670.07,2,1,1,140854.45,42534.01,0.4,0.66,0
10000426,Male,55,France,3,245476.42,1,1,0,36199.74,61369.1,0.25,0.15,1
10000427,Male,50,France,5,156998.35,4,0,1,104821.87,26166.39,0.67,0.67,0
10000428,Female,54,Germany,5,61877.52,4,1,0,26853.57,10312.92,0.67,0.43,0
10000429,Male,44,Germany,2,40703.76,3,1,1,78002.16,13567.92,1.0,1.92,0
10000430,Female,50,Spain,8,46728.61,2,1,1,92017.33,5192.07,0.22,1.97,1
10000431,Male,21,Germany,6,4948.91,3,0,0,58734.14,706.99,0.43,11.87,1
10000432,Female,39,France,0,97670.53,4,1,0,79159.83,97670.53,4.0,0.81,1
10000433,Male,19,Spain,6,47856.92,4,0,0,41261.99,6836.7,0.57,0.86,1
10000434,Female,27,Spain,4,102913.87,4,0,1,59536.1,20582.77,0.8,0.58,0
10000435,Female,22,Spain,4,233748.61,3,0,1,100743.82,46749.72,0.6,0.43,1
10000436,Female,27,France,1,107635.05,2,0,1,59234.01,53817.52,1.0,0.55,0
10000437,Female,50,Germany,3,219496.12,1,0,0,136966.6,54874.03,0.25,0.62,0
10000438,Female,55,France,5,151376.19,3,1,1,101692.9,25229.36,0.5,0.67,0
10000439,Male,30,Spain,9,61782.89,4,0,0,77024.37,6178.29,0.4,1.25,0
10000440,Male,48,France,6,88963.69,3,0,0,25038.4,12709.1,0.43,0.28,1
10000441,Male,64,France,4,20979.88,4,0,0,84941.28,4195.98,0.8,4.05,0
10000442,Female,53,Germany,8,83365.65,1,1,1,119420.91,9262.85,0.11,1.43,0
10000443,Male,62,Germany,2,169385.24,1,1,1,54522.49,56461.75,0.33,0.32,1
10000444,Female,41,Spain,0,18027.77,2,1,0,124880.56,18027.77,2.0,6.93,0
10000445,Female,69,France,3,51350.35,4,1,1,52734.88,12837.59,1.0,1.03,1
10000446,Male,32,France,8,95360.26,2,0,0,127087.03,10595.58,0.22,1.33,1
10000447,Male,46,Germany,3,245512.38,2,0,0,31084.88,61378.1,0.5,0.13,1
10000448,Female,25,France,1,196215.46,1,1,1,132603.88,98107.73,0.5,0.68,0
10000449,Male,22,France,9,183371.69,3,1,0,84894.24,18337.17,0.3,0.46,0
10000450,Female,46,France,4,29047.74,3,1,0,58549.89,5809.55,0.6,2.02,0
10000451,Female,64,Germany,2,195248.97,2,1,1,54464.72,65082.99,0.67,0.28,0
10000452,Female,21,Spain,8,196317.2,1,0,0,76161.37,21813.02,0.11,0.39,1
10000453,Female,29,Spain,3,150275.67,4,1,0,149876.43,37568.92,1.0,1.0,0
10000454,Female,62,France,5,247590.45,3,1,0,48642.56,41265.08,0.5,0.2,0
10000455,Male,19,Spain,1,81313.48,2,1,0,33418.16,40656.74,1.0,0.41,1
10000456,Male,44,Germany,5,235318.11,3,1,0,96054.57,39219.68,0.5,0.41,1
10000457,Female,48,Germany,2,228682.78,3,1,0,83510.52,76227.59,1.0,0.37,0
10000458,Female,68,Spain,8,2870.16,4,1,0,88145.52,318.91,0.44,30.7,1
10000459,Male,68,Spain,1,112529.13,1,1,1,106701.6,56264.56,0.5,0.95,1
10000460,Male,53,France,8,244276.06,4,0,1,54728.73,27141.78,0.44,0.22,0
10000461,Female,53,Spain,4,25780.34,1,0,0,138386.45,5156.07,0.2,5.37,0
10000462,Male,43,France,7,136946.17,3,0,0,76637.37,17118.27,0.38,0.56,0
10000463,Female,60,France,1,244739.38,2,0,1,36781.21,122369.69,1.0,0.15,0
10000464,Male,44,Germany,5,138873.86,4,0,1,116498.84,23145.64,0.67,0.84,0
10000465,Female,22,Germany,2,47453.83,1,0,1,103603.57,15817.94,0.33,2.18,0
10000466,Male,37,Germany,9,145545.81,3,1,1,61046.64,14554.58,0.3,0.42,0
10000467,Female,28,Germany,4,51110.14,1,1,1,100797.43,10222.03,0.2,1.97,1
10000468,Male,27,Spain,7,129926.07,1,0,0,48582.05,16240.76,0.12,0.37,1
10000469,Male,57,Germany,9,18510.55,1,1,1,77829.12,1851.05,0.1,4.2,0
10000470,Female,55,Spain,0,151370.67,3,0,1,136923.63,151370.67,3.0,0.9,0
10000471,Male,23,Germany,4,129197.48,2,1,1,37359.45,25839.5,0.4,0.29,0
10000472,Female,25,Spain,2,185040.34,2,1,0,70270.54,61680.11,0.67,0.38,0
10000473,Male,40,France,3,157675.12,2,1,0,126748.52,39418.78,0.5,0.8,0
10000474,Female,64,Spain,1,137401.57,1,1,0,146033.82,68700.78,0.5,1.06,1
10000475,Male,43,Spain,8,172444.71,3,1,0,79010.4,19160.52,0.33,0.46,0
10000476,Female,63,Germany,2,35985.48,1,1,0,85909.95,11995.16,0.33,2.39,1
10000477,Male,60,Spain,1,148839.92,2,0,0,94382.36,74419.96,1.0,0.63,0
10000478,Female,29,France,9,43027.65,2,0,1,141205.26,4302.77,0.2,3.28,0
10000479,Male,43,France,8,231380.55,3,1,0,131566.88,25708.95,0.33,0.57,0
10000480,Female,30,Germany,6,17083.53,1,0,0,42178.15,2440.5,0.14,2.47,0
10000481,Female,57,France,5,107593.69,4,1,1,76778.52,17932.28,0.67,0.71,0
10000482,Female,35,Spain,0,173949.37,4,0,0,80320.06,173949.37,4.0,0.46,1
10000483,Male,42,France,4,114505.55,2,1,1,122582.49,22901.11,0.4,1.07,0
10000484,Female,50,Germany,2,23023.81,3,0,1,98376.07,7674.6,1.0,4.27,1
10000485,Male,64,Spain,0,138344.75,1,1,0,105048.66,138344.75,1.0,0.76,1
10000486,Female,57,Germany,3,160407.98,1,0,1,149765.99,40102.0,0.25,0.93,1
10000487,Male,60,Spain,1,175948.08,2,1,1,29744.81,87974.04,1.0,0.17,0
10000488,Female,29,France,1,93314.95,2,0,1,48991.28,46657.48,1.0,0.53,0
10000489,Male,61,Germany,2,140914.99,1,1,1,73026.47,46971.66,0.33,0.52,0
10000490,Male,53,Germany,7,112671.62,1,1,0,65211.71,14083.95,0.12,0.58,0
10000491,Female,65,Spain,7,168014.01,2,1,1,22813.92,21001.75,0.25,0.14,0
10000492,Male,21,Germany,6,145889.24,1,0,0,31931.09,20841.32,0.14,0.22,1
10000493,Male,22,Spain,5,131439.05,4,0,1,108523.93,21906.51,0.67,0.83,0
10000494,Female,54,Spain,8,62381.09,2,0,1,134312.18,6931.23,0.22,2.15,0
10000495,Male,25,Spain,3,504.63,1,1,1,86849.51,126.16,0.25,171.76,0
10000496,Male,59,Spain,0,43520.42,2,0,0,90094.84,43520.42,2.0,2.07,0
10000497,Male,66,France,7,29266.51,3,1,0,53162.15,3658.31,0.38,1.82,1
10000498,Female,45,Spain,6,112271.19,2,0,0,119823.93,16038.74,0.29,1.07,0
10000499,Male,48,Germany,6,153064.54,2,0,1,117733.3,21866.36,0.29,0.77,1
10000500,Female,26,France,2,53271.25,3,0,1,96487.54,17757.08,1.0,1.81,0
10000501,Male,68,Germany,3,234764.27,4,0,1,47646.36,58691.07,1.0,0.2,0
10000502,Male,46,France,9,1670.53,1,1,1,32612.37,167.05,0.1,19.51,0
10000503,Male,31,Spain,8,193075.25,3,0,0,28351.01,21452.81,0.33,0.15,1
10000504,Female,57,France,5,156301.19,2,0,1,97050.49,26050.2,0.33,0.62,0
10000505,Male,58,France,4,93388.7,1,1,0,127254.59,18677.74,0.2,1.36,1
10000506,Male,39,Germany,2,12622.24,3,1,1,131582.96,4207.41,1.0,10.42,0
10000507,Female,28,Germany,8,156871.64,1,0,0,80270.87,17430.18,0.11,0.51,0
10000508,Male,40,Spain,4,96403.38,1,0,0,121955.27,19280.68,0.2,1.27,1
10000509,Female,18,France,4,234066.78,3,1,1,143094.43,46813.36,0.6,0.61,0
10000510,Female,63,France,3,135497.52,1,1,1,55772.11,33874.38,0.25,0.41,0
10000511,Male,54,France,3,234912.88,4,1,0,71734.85,58728.22,1.0,0.31,0
10000512,Female,38,Spain,0,55120.92,3,0,1,141092.27,55120.92,3.0,2.56,0
10000513,Male,43,Spain,6,181431.48,4,0,1,63970.03,25918.78,0.57,0.35,0
10000514,Female,63,Spain,8,154312.26,2,0,0,138803.92,17145.81,0.22,0.9,0
10000515,Female,53,Spain,2,184852.06,1,1,0,147535.83,61617.35,0.33,0.8,1
10000516,Male,40,Spain,1,53666.97,2,1,0,106035.39,26833.48,1.0,1.98,1
10000517,Female,18,Germany,2,166248.63,2,1,0,126195.74,55416.21,0.67,0.76,0
10000518,Female,68,France,0,124510.1,1,0,1,117440.92,124510.1,1.0,0.94,1
10000519,Female,57,France,5,185706.24,3,1,0,110939.45,30951.04,0.5,0.6,1
10000520,Female,32,France,6,81761.16,1,0,0,59901.04,11680.17,0.14,0.73,1
10000521,Female,38,France,1,222514.26,2,1,0,27422.26,111257.13,1.0,0.12,0
10000522,Male,64,France,7,21075.33,2,0,1,64596.73,2634.42,0.25,3.06,1
10000523,Female,26,France,5,201797.33,3,0,0,106701.68,33632.89,0.5,0.53,0
10000524,Male,26,France,3,215329.91,1,1,1,33328.8,53832.48,0.25,0.15,0
10000525,Female,27,France,4,204313.08,2,0,0,21549.34,40862.62,0.4,0.11,0
10000526,Male,69,Germany,7,128181.6,4,1,0,38160.01,16022.7,0.5,0.3,0
10000527,Male,43,France,2,109596.25,2,0,1,113045.67,36532.08,0.67,1.03,1
10000528,Female,58,Germany,2,249065.57,2,1,0,146463.18,83021.86,0.67,0.59,1
10000529,Female,52,Spain,3,57292.99,3,1,0,147798.41,14323.25,0.75,2.58,1
10000530,Female,69,France,0,136718.99,4,0,1,84217.29,136718.99,4.0,0.62,0
10000531,Male,42,Spain,8,167668.88,2,1,0,133015.8,18629.88,0.22,0.79,0
10000532,Female,43,Spain,7,175216.91,2,0,0,115787.44,21902.11,0.25,0.66,1
10000533,Male,28,Spain,7,51006.17,4,1,0,85135.23,6375.77,0.5,1.67,0
10000534,Male,55,Germany,9,163498.52,1,1,0,94458.87,16349.85,0.1,0.58,0
10000535,Male,19,Spain,5,204592.39,1,1,1,37839.53,34098.73,0.17,0.18,0
10000536,Female,24,Spain,6,12504.64,2,1,0,141895.99,1786.38,0.29,11.35,0
10000537,Female,35,Spain,5,227880.32,2,0,1,65750.87,37980.05,0.33,0.29,0
10000538,Male,44,France,8,7376.01,1,1,0,77999.4,819.56,0.11,10.57,1
10000539,Male,51,France,2,88992.76,3,1,1,107315.83,29664.25,1.0,1.21,0
10000540,Female,44,Germany,2,3953.3,4,0,0,63407.32,1317.77,1.33,16.04,1
10000541,Male,34,Germany,2,19286.29,4,0,1,53053.69,6428.76,1.33,2.75,0
10000542,Female,60,France,9,227792.07,3,0,0,102036.42,22779.21,0.3,0.45,1
10000543,Male,61,Germany,2,88715.21,3,0,1,23247.93,29571.74,1.0,0.26,0
10000544,Female,68,France,8,106192.88,3,0,1,113694.26,11799.21,0.33,1.07,0
10000545,Male,41,Spain,3,53836.1,3,0,0,86823.04,13459.02,0.75,1.61,1
10000546,Female,42,Spain,6,149273.94,3,1,1,98747.98,21324.85,0.43,0.66,0
10000547,Male,24,Germany,8,148700.8,3,0,0,102144.42,16522.31,0.33,0.69,0
10000548,Female,69,France,6,93050.1,4,1,0,88516.52,13292.87,0.57,0.95,0
10000549,Female,23,France,8,83258.72,3,0,0,95729.39,9250.97,0.33,1.15,1
10000550,Male,41,Germany,2,221241.08,1,1,0,108892.47,73747.03,0.33,0.49,1
10000551,Male,50,France,3,95821.06,3,1,0,117905.45,23955.26,0.75,1.23,1
10000552,Female,66,Spain,7,123375.25,3,1,1,114568.81,15421.91,0.38,0.93,0
10000553,Male,46,Germany,5,70826.19,4,0,0,133050.14,11804.36,0.67,1.88,1
10000554,Female,60,Germany,4,196692.38,4,0,0,44627.65,39338.48,0.8,0.23,1
10000555,Male,39,France,3,99362.04,3,0,0,72149.24,24840.51,0.75,0.73,0
10000556,Female,43,Germany,7,128402.76,4,0,0,143213.49,16050.34,0.5,1.12,0
10000557,Female,45,France,0,63339.29,2,1,0,71556.77,63339.29,2.0,1.13,1
10000558,Female,67,France,8,246914.9,4,0,0,36233.11,27434.99,0.44,0.15,0
10000559,Female,38,France,0,72873.94,4,1,1,88307.87,72873.94,4.0,1.21,0
10000560,Female,66,France,7,192685.63,4,1,1,34233.83,24085.7,0.5,0.18,0
10000561,Female,24,France,3,106873.91,4,0,0,46370.92,26718.48,1.0,0.43,0
10000562,Male,34,Germany,8,51554.35,1,0,1,149781.44,5728.26,0.11,2.91,1
10000563,Male,37,Spain,4,199929.69,1,0,0,90377.14,39985.94,0.2,0.45,0
10000564,Male,58,Spain,2,83401.7,1,1,0,56927.59,27800.57,0.33,0.68,1
10000565,Female,66,Germany,8,216298.34,3,0,0,149320.74,24033.15,0.33,0.69,0
10000566,Female,37,Germany,8,228814.3,3,1,0,145652.66,25423.81,0.33,0.64,0
10000567,Female,39,Spain,3,214955.96,2,0,0,77296.08,53738.99,0.5,0.36,1
10000568,Female,45,Spain,3,8751.98,1,1,1,53852.4,2188.0,0.25,6.15,1
10000569,Male,57,Spain,7,196843.34,3,0,1,128991.95,24605.42,0.38,0.66,1
10000570,Male,66,Spain,1,102834.87,4,0,1,113030.69,51417.44,2.0,1.1,0
10000571,Female,24,Spain,8,218430.73,4,1,1,109302.39,24270.08,0.44,0.5,0
10000572,Male,18,France,5,159488.57,1,0,0,136104.79,26581.43,0.17,0.85,1
10000573,Male,49,Germany,8,208410.78,2,0,1,109624.23,23156.75,0.22,0.53,0
10000574,Female,30,France,7,124857.94,2,0,0,56893.73,15607.24,0.25,0.46,0
10000575,Male,47,Spain,6,133756.38,4,0,1,110202.21,19108.05,0.57,0.82,0
10000576,Female,40,Spain,0,36096.91,2,0,1,59755.76,36096.91,2.0,1.66,0
10000577,Male,68,Spain,2,195996.84,1,0,1,118701.07,65332.28,0.33,0.61,0
10000578,Female,36,France,1,104847.4,4,0,1,100567.22,52423.7,2.0,0.96,0
10000579,Female,49,France,4,125020.03,3,1,0,30063.5,25004.01,0.6,0.24,1
10000580,Female,47,Spain,4,196274.43,3,1,1,86668.6,39254.89,0.6,0.44,0
10000581,Female,46,France,4,149711.35,2,0,1,64629.13,29942.27,0.4,0.43,0
10000582,Male,66,France,3,50274.68,4,0,0,62714.18,12568.67,1.0,1.25,1
10000583,Female,62,Spain,4,147558.16,4,0,0,98293.32,29511.63,0.8,0.67,0
10000584,Female,46,France,2,101908.21,3,1,1,61902.23,33969.4,1.0,0.61,0
10000585,Female,47,Germany,0,117381.39,4,1,0,120996.19,117381.39,4.0,1.03,0
10000586,Male,33,Germany,4,7077.82,4,0,0,29202.89,1415.56,0.8,4.13,1
10000587,Female,57,Germany,8,52507.34,4,1,0,105850.47,5834.15,0.44,2.02,1
10000588,Male,36,Germany,8,70259.52,2,0,1,125195.32,7806.61,0.22,1.78,0
10000589,Female,35,Spain,3,178240.0,4,0,0,107468.12,44560.0,1.0,0.6,1
10000590,Male,18,Spain,2,2873.12,1,0,1,84639.8,957.71,0.33,29.45,1
10000591,Male,31,Spain,0,102194.32,2,0,1,143539.91,102194.32,2.0,1.4,0
10000592,Female,68,Germany,1,231006.72,4,1,1,58992.0,115503.36,2.0,0.26,1
10000593,Male,64,Germany,7,27970.15,4,1,1,22491.83,3496.27,0.5,0.8,0
10000594,Female,67,France,0,129106.1,1,0,0,76158.62,129106.1,1.0,0.59,0
10000595,Female,19,France,7,196630.6,2,1,1,24291.55,24578.82,0.25,0.12,0
10000596,Female,45,Germany,6,235632.83,3,1,0,144011.78,33661.83,0.43,0.61,1
10000597,Male,66,Germany,7,186694.16,3,0,1,47289.35,23336.77,0.38,0.25,0
10000598,Male,67,Germany,5,180141.39,2,1,0,122560.51,30023.56,0.33,0.68,1
10000599,Female,47,Germany,8,206622.02,4,0,1,120694.37,22958.0,0.44,0.58,0
10000600,Female,55,France,2,111550.31,4,0,0,48304.76,37183.44,1.33,0.43,0
10000601,Male,68,Germany,9,201461.13,3,0,1,100759.45,20146.11,0.3,0.5,1
10000602,Female,21,France,3,1991.1,3,0,1,26250.27,497.78,0.75,13.18,1
10000603,Female,18,Germany,5,231140.26,3,1,0,82864.7,38523.38,0.5,0.36,0
10000604,Female,25,Germany,7,110826.63,1,0,1,21904.13,13853.33,0.12,0.2,0
10000605,Male,46,Germany,4,138345.05,3,1,1,139748.7,27669.01,0.6,1.01,0
10000606,Male,56,France,2,63720.56,1,0,1,146891.18,21240.19,0.33,2.31,0
10000607,Male,20,France,5,185632.71,2,0,0,48896.76,30938.78,0.33,0.26,0
10000608,Female,49,Spain,3,19158.95,4,1,1,47053.78,4789.74,1.0,2.46,1
10000609,Female,27,Germany,8,218158.95,3,0,1,117983.62,24239.88,0.33,0.54,0
10000610,Female,27,Spain,2,207029.21,4,1,0,52939.32,69009.74,1.33,0.26,1
10000611,Male,36,Spain,3,54015.03,4,1,0,136359.95,13503.76,1.0,2.52,1
10000612,Female,63,France,6,202331.1,3,0,0,94610.79,28904.44,0.43,0.47,0
10000613,Female,51,France,6,196589.43,3,0,0,65601.09,28084.2,0.43,0.33,0
10000614,Female,50,Spain,3,158054.15,2,0,0,128250.19,39513.54,0.5,0.81,0
10000615,Female,40,Germany,5,93380.04,1,0,1,84142.87,15563.34,0.17,0.9,0
10000616,Male,45,France,2,67874.69,1,0,1,138512.28,22624.9,0.33,2.04,1
10000617,Male,49,Germany,5,57945.9,4,0,1,140641.85,9657.65,0.67,2.43,0
10000618,Female,67,Germany,1,79652.24,3,1,0,41504.62,39826.12,1.5,0.52,1
10000619,Male,24,Spain,7,225889.61,2,1,1,20302.04,28236.2,0.25,0.09,0
10000620,Male,46,Spain,1,19410.19,2,0,0,147911.02,9705.09,1.0,7.62,1
10000621,Female,25,Spain,6,207217.82,2,1,0,137797.88,29602.55,0.29,0.66,0
10000622,Female,18,Spain,8,87222.52,2,1,1,27207.88,9691.39,0.22,0.31,0
10000623,Male,20,France,0,130399.85,2,0,0,128294.45,130399.85,2.0,0.98,0
10000624,Female,41,France,7,198621.41,1,0,0,79514.64,24827.68,0.12,0.4,1
10000625,Male,40,Spain,6,221094.14,1,1,1,53665.01,31584.88,0.14,0.24,1
10000626,Female,25,France,5,86195.36,1,0,0,134237.05,14365.89,0.17,1.56,0
10000627,Male,64,Spain,5,115460.87,3,1,0,45566.74,19243.48,0.5,0.39,0
10000628,Female,54,Germany,5,103629.02,4,0,1,143149.0,17271.5,0.67,1.38,0
10000629,Male,20,Germany,8,3312.76,2,1,0,46730.79,368.08,0.22,14.1,1
10000630,Male,68,Germany,1,73985.72,3,1,0,99778.81,36992.86,1.5,1.35,0
10000631,Male,50,Spain,0,114797.31,2,1,1,49001.22,114797.31,2.0,0.43,0
10000632,Female,45,Germany,5,102773.4,1,1,1,90936.93,17128.9,0.17,0.88,0
10000633,Male,64,France,9,180482.31,3,0,1,108916.77,18048.23,0.3,0.6,0
10000634,Male,25,Germany,7,96200.9,1,0,1,44729.63,12025.11,0.12,0.46,0
10000635,Female,51,Germany,2,122344.11,2,1,0,87715.15,40781.37,0.67,0.72,0
10000636,Female,52,Germany,9,107402.15,2,1,0,80977.77,10740.22,0.2,0.75,0
10000637,Male,49,France,0,185156.54,4,0,1,29234.86,185156.54,4.0,0.16,0
10000638,Male,41,Spain,8,215743.1,2,0,0,126380.02,23971.46,0.22,0.59,0
10000639,Female,31,France,0,132972.27,1,1,0,63638.71,132972.27,1.0,0.48,1
10000640,Female,49,Spain,2,197358.05,2,1,1,94695.69,65786.02,0.67,0.48,0
10000641,Female,63,Spain,7,74196.67,4,1,1,86921.95,9274.58,0.5,1.17,1
10000642,Female,60,Germany,2,135342.4,4,1,0,86723.87,45114.13,1.33,0.64,1
10000643,Female,33,Spain,3,86307.49,1,1,1,33938.91,21576.87,0.25,0.39,1
10000644,Male,21,France,7,103550.23,3,0,1,75052.66,12943.78,0.38,0.72,0
10000645,Female,69,France,0,183103.47,2,1,1,78807.68,183103.47,2.0,0.43,0
10000646,Male,54,Spain,5,220415.62,4,0,0,115373.57,36735.94,0.67,0.52,1
10000647,Male,38,Germany,0,30373.85,2,0,1,129202.45,30373.85,2.0,4.25,0
10000648,Male,31,Germany,0,158659.81,2,0,0,90847.7,158659.81,2.0,0.57,0
10000649,Female,48,France,7,145535.95,3,1,0,31281.78,18191.99,0.38,0.21,1
10000650,Male,65,Germany,3,29603.76,4,0,0,50790.43,7400.94,1.0,1.72,1
10000651,Male,35,Spain,0,52973.58,2,0,1,41441.42,52973.58,2.0,0.78,0
10000652,Female,24,Spain,9,77750.62,4,0,1,36199.96,7775.06,0.4,0.47,0
10000653,Male,27,France,6,41732.77,1,0,1,67566.91,5961.82,0.14,1.62,1
10000654,Male,24,Spain,4,60932.37,1,1,1,49821.16,12186.47,0.2,0.82,0
10000655,Female,50,France,4,66900.2,2,1,1,48379.4,13380.04,0.4,0.72,0
10000656,Male,40,Spain,0,83918.46,4,0,0,27110.11,83918.46,4.0,0.32,1
10000657,Male,38,France,9,187347.61,2,0,0,22297.11,18734.76,0.2,0.12,0
10000658,Male,36,Germany,5,142978.05,4,1,0,33359.87,23829.68,0.67,0.23,1
10000659,Female,65,Spain,8,246561.67,4,1,1,42385.67,27395.74,0.44,0.17,0
10000660,Female,36,Spain,8,103683.96,3,1,0,76027.88,11520.44,0.33,0.73,0
10000661,Female,53,France,7,188466.27,3,0,0,86367.63,23558.28,0.38,0.46,1
10000662,Male,46,France,4,217867.11,3,1,1,38276.95,43573.42,0.6,0.18,0
10000663,Male,35,Spain,0,169744.62,2,0,1,75221.83,169744.62,2.0,0.44,0
10000664,Female,19,France,8,102966.19,3,0,0,64427.35,11440.69,0.33,0.63,1
10000665,Male,18,Spain,0,188398.66,3,1,0,43845.07,188398.66,3.0,0.23,1
10000666,Male,64,Germany,7,50916.78,1,0,1,20889.3,6364.6,0.12,0.41,1
10000667,Female,22,France,4,81888.04,4,1,1,80712.32,16377.61,0.8,0.99,0
10000668,Female,37,Spain,2,136671.31,4,0,1,109134.73,45557.1,1.33,0.8,0
10000669,Male,28,Germany,6,143852.35,3,1,1,49416.05,20550.34,0.43,0.34,1
10000670,Male,59,Germany,6,5535.37,4,0,0,37134.89,790.77,0.57,6.71,0
10000671,Male,19,Spain,8,236278.55,1,0,0,135315.56,26253.17,0.11,0.57,1
10000672,Female,20,France,6,174156.82,1,1,1,55753.22,24879.55,0.14,0.32,0
10000673,Female,40,Spain,2,123925.94,3,1,0,49069.64,41308.65,1.0,0.4,0
10000674,Female,29,Germany,0,233281.81,1,1,0,131422.6,233281.81,1.0,0.56,1
10000675,Female,37,Spain,7,109773.89,4,1,1,126223.92,13721.74,0.5,1.15,1
10000676,Male,22,France,2,245108.89,2,0,0,78285.04,81702.96,0.67,0.32,0
10000677,Female,54,Germany,7,128071.19,4,1,0,83601.05,16008.9,0.5,0.65,0
10000678,Female,55,Spain,7,28571.44,2,1,0,48307.33,3571.43,0.25,1.69,0
10000679,Female,47,France,4,191200.24,3,0,1,30179.22,38240.05,0.6,0.16,0
10000680,Female,26,Germany,0,169724.43,2,1,1,94546.14,169724.43,2.0,0.56,0
10000681,Female,51,France,9,193246.68,1,1,0,32784.84,19324.67,0.1,0.17,1
10000682,Male,61,Germany,6,237860.51,4,0,1,78405.69,33980.07,0.57,0.33,0
10000683,Male,52,Spain,9,194122.33,2,1,1,142264.64,19412.23,0.2,0.73,0
10000684,Female,69,France,4,152834.15,4,1,1,143868.47,30566.83,0.8,0.94,1
10000685,Male,39,Germany,7,214327.23,3,1,0,51113.2,26790.9,0.38,0.24,0
10000686,Female,61,France,8,168311.61,3,1,0,101134.74,18701.29,0.33,0.6,0
10000687,Female,41,France,6,102029.76,1,1,1,81629.91,14575.68,0.14,0.8,0
10000688,Male,34,Spain,6,221404.94,3,1,0,133839.07,31629.28,0.43,0.6,1
10000689,Male,27,France,0,55475.12,2,0,0,55286.01,55475.12,2.0,1.0,0
10000690,Female,47,Germany,3,178660.32,3,1,0,20481.31,44665.08,0.75,0.11,0
10000691,Female,63,Germany,1,220390.86,1,0,0,41132.96,110195.43,0.5,0.19,1
10000692,Female,40,Germany,1,182829.13,4,0,0,65437.96,91414.56,2.0,0.36,1
10000693,Male,49,Germany,1,174318.85,4,0,1,61043.75,87159.42,2.0,0.35,0
10000694,Female,34,Spain,3,188159.57,3,0,0,122877.18,47039.89,0.75,0.65,1
10000695,Female,67,France,0,116263.81,2,1,0,108472.89,116263.81,2.0,0.93,1
10000696,Female,68,Spain,3,218542.67,1,1,0,58942.32,54635.67,0.25,0.27,1
10000697,Male,34,France,1,50859.12,2,1,1,79506.7,25429.56,1.0,1.56,0
10000698,Female,31,France,4,31846.6,1,0,1,32422.68,6369.32,0.2,1.02,1
10000699,Female,26,France,2,71377.2,3,1,1,136759.04,23792.4,1.0,1.92,0
10000700,Male,57,Spain,7,132894.35,1,1,0,141605.23,16611.79,0.12,1.07,1
10000701,Female,19,France,3,127640.45,1,1,1,147374.46,31910.11,0.25,1.15,0
10000702,Female,62,Spain,0,205149.69,3,0,1,132911.87,205149.69,3.0,0.65,0
10000703,Male,42,Germany,0,101142.16,2,0,1,42614.92,101142.16,2.0,0.42,0
10000704,Female,56,Germany,9,121086.11,3,1,1,26005.54,12108.61,0.3,0.21,0
10000705,Male,26,France,2,3341.92,1,0,0,95347.57,1113.97,0.33,28.52,1
10000706,Male,39,Spain,8,102434.81,3,0,1,138638.65,11381.65,0.33,1.35,0
10000707,Female,60,Germany,6,161943.56,1,1,1,43055.68,23134.79,0.14,0.27,1
10000708,Female,63,Spain,1,3877.08,3,0,0,20915.58,1938.54,1.5,5.39,0
10000709,Female,21,Spain,8,70220.49,4,0,0,124714.49,7802.28,0.44,1.78,0
10000710,Female,43,France,9,51989.09,4,1,1,29983.44,5198.91,0.4,0.58,0
10000711,Male,46,Germany,1,10496.36,3,0,0,73781.78,5248.18,1.5,7.03,1
10000712,Female,62,France,2,119815.02,2,0,1,108255.35,39938.34,0.67,0.9,0
10000713,Male,51,France,9,45430.82,1,0,0,50783.69,4543.08,0.1,1.12,1
10000714,Female,40,Germany,1,185770.38,4,0,0,30915.13,92885.19,2.0,0.17,1
10000715,Female,54,Germany,2,211981.97,2,0,1,120102.76,70660.66,0.67,0.57,0
10000716,Female,28,Spain,5,136396.3,1,0,0,101922.76,22732.72,0.17,0.75,1
10000717,Male,23,Germany,8,245426.84,4,0,1,148503.76,27269.65,0.44,0.61,1
10000718,Female,35,Spain,8,112619.64,4,0,0,64760.04,12513.29,0.44,0.58,0
10000719,Female,38,Spain,6,128342.05,3,1,1,28029.11,18334.58,0.43,0.22,0
10000720,Female,59,Spain,2,247304.44,1,1,0,115465.5,82434.81,0.33,0.47,1
10000721,Female,53,Germany,3,57887.11,2,1,0,87825.34,14471.78,0.5,1.52,0
10000722,Male,58,France,5,235636.48,2,1,0,47716.51,39272.75,0.33,0.2,1
10000723,Female,55,Spain,4,10709.39,2,0,0,121624.77,2141.88,0.4,11.36,1
10000724,Male,51,France,1,111596.72,1,1,0,46488.21,55798.36,0.5,0.42,1
10000725,Male,34,France,5,17500.88,2,1,1,53886.02,2916.81,0.33,3.08,1
10000726,Male,54,Germany,2,182308.69,2,0,0,32028.71,60769.56,0.67,0.18,1
10000727,Male,42,France,7,152102.23,2,0,1,71926.2,19012.78,0.25,0.47,1
10000728,Male,55,France,1,176658.57,3,0,1,74460.8,88329.28,1.5,0.42,1
10000729,Male,29,Germany,0,93620.1,3,0,1,86893.03,93620.1,3.0,0.93,0
10000730,Female,40,Spain,8,92370.48,1,0,0,112165.35,10263.39,0.11,1.21,1
10000731,Male,59,France,2,11329.82,1,1,1,137793.12,3776.61,0.33,12.16,1
10000732,Male,39,Germany,0,87486.23,2,0,0,37905.43,87486.23,2.0,0.43,0
10000733,Male,38,France,6,232322.1,3,1,1,27065.25,33188.87,0.43,0.12,0
10000734,Female,44,France,9,94806.63,4,1,1,22409.06,9480.66,0.4,0.24,1
10000735,Female,48,Spain,4,207841.93,4,0,1,38670.78,41568.39,0.8,0.19,0
10000736,Male,23,France,4,210581.38,2,1,1,105533.43,42116.28,0.4,0.5,0
10000737,Female,44,Germany,0,93310.29,2,1,1,114572.02,93310.29,2.0,1.23,0
10000738,Male,57,France,8,157997.17,3,0,0,122245.74,17555.24,0.33,0.77,1
10000739,Male,51,Spain,6,23842.9,3,1,1,51682.07,3406.13,0.43,2.17,0
10000740,Female,29,Spain,7,25919.65,3,1,1,59766.33,3239.96,0.38,2.31,1
10000741,Male,62,Germany,8,12164.42,1,1,0,82807.5,1351.6,0.11,6.81,0
10000742,Female,24,Spain,5,145253.77,1,0,0,28213.8,24208.96,0.17,0.19,0
10000743,Female,27,France,4,106517.74,2,0,0,99448.4,21303.55,0.4,0.93,1
10000744,Male,62,Spain,5,137008.09,1,0,1,147885.55,22834.68,0.17,1.08,1
10000745,Male,34,Germany,1,130268.3,3,1,1,66904.82,65134.15,1.5,0.51,0
10000746,Female,43,Spain,3,87550.75,3,0,1,117870.17,21887.69,0.75,1.35,0
10000747,Male,38,Spain,2,169368.35,1,1,1,85004.41,56456.12,0.33,0.5,0
10000748,Male,45,Spain,6,189625.47,4,0,1,36615.54,27089.35,0.57,0.19,0
10000749,Male,63,Germany,8,3657.06,2,1,1,95690.87,406.34,0.22,26.16,1
10000750,Female,19,Spain,4,51810.57,4,0,0,58983.65,10362.11,0.8,1.14,0
10000751,Female,60,Spain,5,178308.97,2,0,0,24472.42,29718.16,0.33,0.14,1
10000752,Male,18,France,9,96655.04,4,1,1,102540.86,9665.5,0.4,1.06,0
10000753,Female,68,Germany,1,165620.99,1,0,1,131661.21,82810.5,0.5,0.79,0
10000754,Female,53,Spain,2,86740.66,2,1,1,64820.07,28913.55,0.67,0.75,1
10000755,Female,68,Germany,2,97688.79,2,0,1,70738.42,32562.93,0.67,0.72,0
10000756,Female,43,Spain,8,39669.72,2,0,1,135832.82,4407.75,0.22,3.42,0
10000757,Female,46,Spain,6,64557.75,3,1,0,125769.15,9222.54,0.43,1.95,0
10000758,Male,38,Spain,7,151352.94,3,1,0,112943.87,18919.12,0.38,0.75,1
10000759,Male,28,France,9,108290.78,4,1,1,52343.62,10829.08,0.4,0.48,0
10000760,Male,57,France,8,193575.67,1,0,0,138328.17,21508.41,0.11,0.71,1
10000761,Female,28,France,5,213146.24,3,1,1,40074.05,35524.37,0.5,0.19,0
10000762,Female,53,Germany,3,135411.6,2,0,1,101480.17,33852.9,0.5,0.75,0
10000763,Male,66,Germany,0,189566.82,3,1,1,23744.15,189566.82,3.0,0.13,0
10000764,Female,56,France,7,76726.13,1,1,0,103683.57,9590.77,0.12,1.35,1
10000765,Male,57,Germany,6,103742.8,3,1,0,56028.77,14820.4,0.43,0.54,0
10000766,Male,52,Spain,1,178194.42,2,1,1,78458.01,89097.21,1.0,0.44,1
10000767,Male,51,Spain,7,96553.0,4,1,0,64884.39,12069.12,0.5,0.67,0
10000768,Female,64,Spain,4,147126.23,2,1,0,42458.38,29425.25,0.4,0.29,0
10000769,Female,41,France,6,46343.19,1,0,1,100857.5,6620.46,0.14,2.18,1
10000770,Male,39,Germany,3,149942.83,4,1,0,134656.82,37485.71,1.0,0.9,1
10000771,Male,22,France,4,215378.43,3,0,0,144680.95,43075.69,0.6,0.67,0
10000772,Male,50,Germany,7,217159.91,3,1,1,45005.03,27144.99,0.38,0.21,0
10000773,Male,53,Spain,0,181086.1,3,1,1,113258.46,181086.1,3.0,0.63,0
10000774,Female,64,France,0,186438.34,4,1,0,106364.12,186438.34,4.0,0.57,1
10000775,Female,37,Germany,3,139481.86,2,0,1,64639.11,34870.46,0.5,0.46,0
10000776,Male,36,Germany,2,146167.02,4,0,0,22482.9,48722.34,1.33,0.15,0
10000777,Male,52,Spain,9,33412.65,4,1,1,109672.86,3341.27,0.4,3.28,1
10000778,Female,69,France,1,110964.8,1,0,1,142914.33,55482.4,0.5,1.29,1
10000779,Female,60,France,2,112694.07,4,1,1,102175.62,37564.69,1.33,0.91,0
10000780,Male,34,France,0,239624.46,3,1,1,76588.05,239624.46,3.0,0.32,0
10000781,Male,62,Spain,0,107771.72,2,0,0,88270.01,107771.72,2.0,0.82,0
10000782,Male,60,France,5,137335.66,2,0,1,45951.74,22889.28,0.33,0.33,1
10000783,Female,51,Spain,4,133312.85,2,0,1,117570.74,26662.57,0.4,0.88,1
10000784,Female,26,Spain,7,159190.43,3,0,1,117034.58,19898.8,0.38,0.74,0
10000785,Female,43,Spain,1,187058.21,3,1,0,38917.25,93529.1,1.5,0.21,0
10000786,Male,19,Germany,3,56260.47,3,0,0,134137.19,14065.12,0.75,2.38,1
10000787,Male,26,France,7,132181.1,3,0,1,54994.67,16522.64,0.38,0.42,0
10000788,Female,26,France,5,206479.43,3,1,1,147693.29,34413.24,0.5,0.72,0
10000789,Female,57,Spain,0,115778.68,4,0,1,69777.39,115778.68,4.0,0.6,0
10000790,Male,34,Spain,3,69614.39,3,0,1,43124.93,17403.6,0.75,0.62,0
10000791,Female,18,France,0,163677.27,3,0,1,65723.61,163677.27,3.0,0.4,0
10000792,Female,42,Spain,1,205941.85,3,0,1,77223.44,102970.92,1.5,0.37,0
10000793,Male,60,France,4,15785.07,3,1,0,29010.01,3157.01,0.6,1.84,1
10000794,Female,57,Germany,7,194197.62,2,1,1,95168.39,24274.7,0.25,0.49,0
10000795,Male,59,Spain,7,205411.98,3,0,1,97692.22,25676.5,0.38,0.48,0
10000796,Male,42,France,2,115380.73,4,0,1,116060.96,38460.24,1.33,1.01,0
10000797,Male,56,Spain,3,245826.41,4,1,1,23792.09,61456.6,1.0,0.1,0
10000798,Male,52,France,9,196677.09,4,0,1,90360.97,19667.71,0.4,0.46,0
10000799,Male,20,France,5,193415.64,1,0,1,26877.97,32235.94,0.17,0.14,1
10000800,Male,67,Spain,9,186959.64,2,0,0,111148.75,18695.96,0.2,0.59,0
10000801,Male,54,Germany,2,37652.03,3,0,0,27244.64,12550.68,1.0,0.72,1
10000802,Female,61,France,1,54307.72,1,0,0,138524.62,27153.86,0.5,2.55,1
10000803,Male,61,France,5,115997.53,3,0,0,111270.73,19332.92,0.5,0.96,0
10000804,Male,68,France,4,66001.09,1,0,0,85960.67,13200.22,0.2,1.3,0
10000805,Female,47,Germany,9,103810.24,1,0,0,77395.51,10381.02,0.1,0.75,1
10000806,Female,55,Germany,4,222116.03,4,0,1,36987.44,44423.21,0.8,0.17,1
10000807,Female,51,Spain,9,206081.72,4,1,1,57829.92,20608.17,0.4,0.28,0
10000808,Male,29,Germany,4,157509.97,1,1,1,132964.68,31501.99,0.2,0.84,1
10000809,Female,36,Spain,9,214530.1,4,1,1,137578.87,21453.01,0.4,0.64,0
10000810,Male,54,Spain,4,195943.1,1,0,1,20097.2,39188.62,0.2,0.1,1
10000811,Male,61,Germany,2,107246.23,2,0,1,97237.73,35748.74,0.67,0.91,0
10000812,Male,66,Spain,6,50266.29,4,1,0,113509.08,7180.9,0.57,2.26,0
10000813,Male,34,Germany,5,128550.26,4,0,1,100437.11,21425.04,0.67,0.78,1
10000814,Female,27,Spain,3,184057.22,4,1,0,30618.37,46014.3,1.0,0.17,1
10000815,Female,66,Germany,1,109104.9,2,0,0,48304.24,54552.45,1.0,0.44,0
10000816,Male,64,Germany,8,166692.98,1,1,1,52544.23,18521.44,0.11,0.32,0
10000817,Male,29,Spain,0,23581.86,3,1,1,128124.2,23581.86,3.0,5.43,0
10000818,Male,33,France,3,187001.18,4,1,1,80215.93,46750.3,1.0,0.43,1
10000819,Female,41,Spain,0,203178.4,1,0,1,83287.67,203178.4,1.0,0.41,0
10000820,Male,36,Germany,5,176709.46,2,1,1,141536.1,29451.58,0.33,0.8,0
10000821,Male,25,France,3,241815.9,3,0,1,102821.17,60453.98,0.75,0.43,0
10000822,Female,48,Spain,4,206663.01,4,0,1,136826.8,41332.6,0.8,0.66,1
10000823,Female,38,Spain,4,225773.43,2,0,0,79346.15,45154.69,0.4,0.35,1
10000824,Male,34,Spain,8,233392.77,2,0,1,39426.71,25932.53,0.22,0.17,0
10000825,Female,40,France,0,200337.0,3,0,1,140891.63,200337.0,3.0,0.7,0
10000826,Female,54,Germany,1,168564.71,1,0,0,79631.67,84282.36,0.5,0.47,1
10000827,Male,33,Spain,5,1429.65,4,0,1,43612.08,238.28,0.67,30.48,0
10000828,Female,23,Spain,4,116456.44,4,1,1,59311.45,23291.29,0.8,0.51,1
10000829,Male,25,Spain,6,142790.57,1,1,0,26604.34,20398.65,0.14,0.19,1
10000830,Female,42,Spain,2,76007.57,1,1,1,80879.08,25335.86,0.33,1.06,1
10000831,Male,35,Spain,2,79526.11,1,0,1,130906.66,26508.7,0.33,1.65,0
10000832,Male,42,Germany,9,240289.85,3,0,1,141365.46,24028.98,0.3,0.59,0
10000833,Male,29,Germany,1,222927.72,3,0,1,141238.29,111463.86,1.5,0.63,1
10000834,Female,32,Spain,2,212294.75,4,0,1,36279.9,70764.92,1.33,0.17,0
10000835,Male,43,France,9,101502.95,3,1,1,69667.0,10150.3,0.3,0.69,0
10000836,Female,58,Germany,0,3424.64,2,0,0,23669.74,3424.64,2.0,6.91,0
10000837,Male,62,France,4,20055.56,4,1,1,131171.49,4011.11,0.8,6.54,1
10000838,Male,43,Germany,4,78049.09,3,0,1,66638.25,15609.82,0.6,0.85,0
10000839,Female,64,Spain,6,3935.73,1,1,0,102045.21,562.25,0.14,25.92,1
10000840,Male,49,Germany,3,4287.45,2,0,0,112936.8,1071.86,0.5,26.34,0
10000841,Male,27,Spain,2,229150.83,1,1,1,75879.81,76383.61,0.33,0.33,1
10000842,Female,33,Germany,0,176539.63,4,0,0,59837.5,176539.63,4.0,0.34,0
10000843,Male,24,Spain,7,77239.0,1,1,1,145087.68,9654.88,0.12,1.88,1
10000844,Male,34,Spain,2,33161.14,3,0,1,145383.47,11053.71,1.0,4.38,1
10000845,Male,40,Spain,1,127908.93,3,1,0,57626.73,63954.46,1.5,0.45,0
10000846,Male,43,Spain,3,1336.54,4,1,1,82351.26,334.14,1.0,61.57,1
10000847,Female,38,France,2,234603.44,1,0,1,146469.74,78201.15,0.33,0.62,0
10000848,Female,39,Spain,0,103703.78,4,1,0,20632.89,103703.78,4.0,0.2,0
10000849,Male,24,France,2,100583.74,1,0,0,73648.17,33527.91,0.33,0.73,0
10000850,Female,31,France,1,97648.4,2,0,0,33059.48,48824.2,1.0,0.34,1
10000851,Male,32,Spain,7,17332.08,3,0,0,86190.54,2166.51,0.38,4.97,0
10000852,Female,24,France,5,159580.56,4,1,1,23207.09,26596.76,0.67,0.15,0
10000853,Male,26,Germany,8,183250.9,2,1,0,72896.8,20361.21,0.22,0.4,0
10000854,Male,68,Spain,7,169031.35,2,0,0,48690.88,21128.92,0.25,0.29,0
10000855,Male,65,France,9,34608.87,4,0,0,89330.09,3460.89,0.4,2.58,1
10000856,Male,25,Spain,2,144710.04,4,1,0,149479.17,48236.68,1.33,1.03,0
10000857,Male,67,Spain,4,142371.12,2,1,0,124069.69,28474.22,0.4,0.87,0
10000858,Male,40,Spain,6,217102.7,1,1,1,129933.47,31014.67,0.14,0.6,0
10000859,Female,46,France,4,94781.91,2,0,0,102584.45,18956.38,0.4,1.08,1
10000860,Male,35,Germany,7,92871.49,4,0,1,25402.78,11608.94,0.5,0.27,0
10000861,Female,48,Germany,4,154631.76,2,0,0,46883.7,30926.35,0.4,0.3,0
10000862,Male,47,France,0,158268.16,1,0,0,140258.39,158268.16,1.0,0.89,1
10000863,Female,69,Spain,4,117321.31,3,0,0,67594.71,23464.26,0.6,0.58,0
10000864,Female,56,France,3,110764.84,3,1,0,33472.77,27691.21,0.75,0.3,0
10000865,Female,52,France,5,123536.92,2,0,0,111312.7,20589.49,0.33,0.9,0
10000866,Male,35,France,2,215261.32,1,1,0,58929.5,71753.77,0.33,0.27,0
10000867,Male,59,Spain,4,115291.73,3,1,0,54951.4,23058.35,0.6,0.48,0
10000868,Female,56,France,1,234982.95,2,0,0,149737.07,117491.48,1.0,0.64,1
10000869,Male,34,Spain,5,126000.94,2,1,1,131558.06,21000.16,0.33,1.04,1
10000870,Female,31,France,5,237300.17,1,0,0,73031.92,39550.03,0.17,0.31,0
10000871,Male,48,Germany,4,208207.98,4,1,1,147433.96,41641.6,0.8,0.71,0
10000872,Female,41,France,5,90607.83,2,0,0,104514.72,15101.3,0.33,1.15,1
10000873,Female,52,France,6,215910.36,4,0,1,116462.92,30844.34,0.57,0.54,0
10000874,Male,61,Germany,4,27515.82,4,1,0,24096.7,5503.16,0.8,0.88,1
10000875,Female,62,Spain,0,231261.79,3,0,0,35808.68,231261.79,3.0,0.15,1
10000876,Male,51,Spain,7,157910.88,4,1,0,102301.07,19738.86,0.5,0.65,1
10000877,Female,20,France,3,13597.69,1,0,1,136873.12,3399.42,0.25,10.07,1
10000878,Female,54,Germany,8,161064.18,3,0,1,101086.68,17896.02,0.33,0.63,0
10000879,Male,60,Spain,9,243561.91,3,0,1,37423.24,24356.19,0.3,0.15,0
10000880,Male,57,France,5,17450.16,3,1,1,35048.81,2908.36,0.5,2.01,0
10000881,Male,43,Germany,0,138671.93,2,1,0,129744.17,138671.93,2.0,0.94,0
10000882,Female,40,Spain,2,186948.59,2,0,0,38109.3,62316.2,0.67,0.2,1
10000883,Male,61,Spain,2,202564.65,4,1,0,87630.15,67521.55,1.33,0.43,1
10000884,Female,56,Germany,9,103456.87,3,0,1,24824.73,10345.69,0.3,0.24,1
10000885,Female,32,Germany,3,51041.64,3,1,0,30487.07,12760.41,0.75,0.6,0
10000886,Male,66,Germany,5,10585.57,1,1,1,107405.27,1764.26,0.17,10.15,0
10000887,Male,21,Germany,6,144931.54,4,0,1,109593.58,20704.51,0.57,0.76,1
10000888,Female,46,France,9,113227.77,1,0,1,64391.02,11322.78,0.1,0.57,1
10000889,Female,39,Germany,3,237186.1,4,0,1,48029.27,59296.52,1.0,0.2,0
10000890,Male,42,Spain,5,15151.23,4,0,1,125782.34,2525.2,0.67,8.3,0
10000891,Male,30,Spain,0,171348.84,2,0,0,48223.42,171348.84,2.0,0.28,0
10000892,Male,35,France,7,6241.56,2,1,1,90463.52,780.2,0.25,14.49,0
10000893,Male,50,Spain,6,42858.54,1,1,1,145867.15,6122.65,0.14,3.4,0
10000894,Male,33,Spain,8,113394.75,4,0,0,39220.82,12599.42,0.44,0.35,1
10000895,Female,62,Germany,2,113718.11,3,0,1,142313.91,37906.04,1.0,1.25,0
10000896,Female,59,Spain,1,171425.14,2,0,1,43776.1,85712.57,1.0,0.26,0
10000897,Female,61,France,0,227553.26,3,1,0,93767.62,227553.26,3.0,0.41,0
10000898,Female,19,Germany,2,159758.04,1,0,0,69011.0,53252.68,0.33,0.43,1
10000899,Male,52,Germany,4,238383.77,2,0,0,145440.72,47676.75,0.4,0.61,0
10000900,Male,59,France,1,220403.91,2,1,1,55560.46,110201.96,1.0,0.25,0
10000901,Male,51,Germany,2,146124.95,4,1,0,71955.54,48708.32,1.33,0.49,0
10000902,Female,47,Germany,3,208447.99,1,1,0,147771.82,52112.0,0.25,0.71,0
10000903,Female,30,France,6,160644.4,4,1,0,89741.15,22949.2,0.57,0.56,0
10000904,Male,30,Germany,2,19639.46,2,0,1,85341.92,6546.49,0.67,4.35,0
10000905,Male,35,France,8,185141.18,1,1,0,53511.2,20571.24,0.11,0.29,1
10000906,Female,49,France,7,23727.11,2,1,1,111177.26,2965.89,0.25,4.69,1
10000907,Female,49,Spain,3,148520.7,1,0,1,21868.48,37130.18,0.25,0.15,0
10000908,Male,52,Spain,0,175660.05,2,0,0,26436.64,175660.05,2.0,0.15,1
10000909,Male,56,Germany,0,16631.9,3,0,1,97916.62,16631.9,3.0,5.89,0
10000910,Female,63,Germany,0,57698.66,3,1,1,64417.69,57698.66,3.0,1.12,1
10000911,Male,69,France,0,228918.06,4,0,0,143931.13,228918.06,4.0,0.63,1
10000912,Male,46,Germany,7,154078.62,3,1,1,137414.79,19259.83,0.38,0.89,0
10000913,Male,66,France,2,61571.5,2,1,0,112781.81,20523.83,0.67,1.83,1
10000914,Female,46,France,5,172669.94,2,1,1,126358.93,28778.32,0.33,0.73,0
10000915,Female,61,Germany,2,149194.1,3,0,1,106753.14,49731.37,1.0,0.72,1
10000916,Female,33,France,4,125393.92,4,1,0,36325.67,25078.78,0.8,0.29,0
10000917,Female,61,Spain,6,244046.74,3,0,0,119520.64,34863.82,0.43,0.49,0
10000918,Female,64,Germany,1,170863.44,1,0,1,47324.96,85431.72,0.5,0.28,1
10000919,Female,27,Spain,5,93860.28,1,0,1,62047.57,15643.38,0.17,0.66,1
10000920,Female,47,Germany,5,200018.36,1,1,0,126500.45,33336.39,0.17,0.63,1
10000921,Male,42,France,2,221145.82,3,1,1,89748.33,73715.27,1.0,0.41,0
10000922,Male,56,Germany,5,31305.14,3,1,1,131792.29,5217.52,0.5,4.21,0
10000923,Male,37,Spain,9,50138.24,3,0,1,47694.59,5013.82,0.3,0.95,0
10000924,Male,22,France,9,54056.75,1,1,1,99011.2,5405.68,0.1,1.83,1
10000925,Male,18,Germany,4,172802.95,4,1,0,30892.83,34560.59,0.8,0.18,0
10000926,Male,47,Germany,1,150759.89,2,1,0,103597.93,75379.95,1.0,0.69,0
10000927,Male,66,Germany,8,154747.89,3,1,0,119129.42,17194.21,0.33,0.77,1
10000928,Female,20,Spain,7,235193.32,4,1,0,96041.02,29399.16,0.5,0.41,0
10000929,Female,62,Spain,2,193977.88,2,0,0,54610.1,64659.29,0.67,0.28,1
10000930,Male,31,Germany,7,31984.23,2,0,0,24074.55,3998.03,0.25,0.75,1
10000931,Male,47,France,8,86876.77,2,0,1,35528.35,9652.97,0.22,0.41,0
10000932,Female,67,France,2,108848.41,4,0,0,100899.39,36282.8,1.33,0.93,0
10000933,Male,21,Spain,2,98990.4,4,1,1,141474.63,32996.8,1.33,1.43,0
10000934,Male,35,France,1,167327.15,1,0,1,46849.47,83663.58,0.5,0.28,1
10000935,Female,54,Spain,7,222973.28,4,1,1,115553.4,27871.66,0.5,0.52,0
10000936,Male,42,Germany,9,76512.87,4,0,0,132638.64,7651.29,0.4,1.73,0
10000937,Female,65,Spain,0,137969.28,4,0,1,87714.68,137969.28,4.0,0.64,1
10000938,Male,18,Spain,7,197352.36,2,0,0,107004.55,24669.04,0.25,0.54,0
10000939,Female,63,Germany,6,104054.51,3,1,1,125951.99,14864.93,0.43,1.21,1
10000940,Female,32,France,6,42029.53,1,1,1,53887.77,6004.22,0.14,1.28,1
10000941,Female,26,Spain,2,118737.74,3,0,0,58596.44,39579.25,1.0,0.49,1
10000942,Male,32,Spain,0,13805.63,3,1,1,20081.58,13805.63,3.0,1.45,0
10000943,Female,66,Germany,3,235595.86,4,0,1,145202.24,58898.96,1.0,0.62,1
10000944,Male,41,France,8,18705.3,1,0,1,139280.84,2078.37,0.11,7.45,0
10000945,Male,21,Spain,4,109614.18,3,0,1,119393.87,21922.84,0.6,1.09,0
10000946,Male,29,Germany,0,132470.32,3,1,0,30279.88,132470.32,3.0,0.23,0
10000947,Male,54,Spain,4,246325.96,1,0,1,78175.38,49265.19,0.2,0.32,1
10000948,Female,54,Germany,7,41505.46,4,0,1,33245.93,5188.18,0.5,0.8,1
10000949,Female,60,France,7,28607.88,3,0,0,22069.63,3575.98,0.38,0.77,1
10000950,Male,23,France,4,2176.54,2,1,1,100103.79,435.31,0.4,45.97,0
10000951,Male,56,France,8,38892.86,3,0,1,144907.82,4321.43,0.33,3.73,1
10000952,Female,63,France,0,51818.24,2,1,1,137372.84,51818.24,2.0,2.65,0
10000953,Male,41,Spain,3,157645.24,4,0,1,110578.13,39411.31,1.0,0.7,0
10000954,Female,28,Spain,2,54926.7,3,1,0,32563.28,18308.9,1.0,0.59,0
10000955,Male,30,France,1,5130.2,1,0,1,55641.32,2565.1,0.5,10.84,0
10000956,Male,51,France,7,206654.59,1,0,0,61607.37,25831.82,0.12,0.3,0
10000957,Female,42,France,6,91398.93,3,1,1,119209.51,13056.99,0.43,1.3,1
10000958,Male,24,Spain,8,88424.17,4,1,1,124292.39,9824.91,0.44,1.41,0
10000959,Female,69,France,1,75619.76,4,0,1,70063.8,37809.88,2.0,0.93,1
10000960,Male,21,France,3,243843.32,1,1,0,74324.92,60960.83,0.25,0.3,1
10000961,Male,25,France,5,42528.85,3,0,1,25786.18,7088.14,0.5,0.61,0
10000962,Male,37,Germany,2,224559.52,4,0,1,57587.77,74853.17,1.33,0.26,0
10000963,Female,46,France,7,194200.83,1,0,0,78667.07,24275.1,0.12,0.41,1
10000964,Male,68,Germany,2,19119.99,2,1,0,35207.8,6373.33,0.67,1.84,0
10000965,Male,62,Germany,1,246682.28,3,0,0,78924.77,123341.14,1.5,0.32,0
10000966,Male,63,France,2,67841.49,2,1,0,130912.86,22613.83,0.67,1.93,1
10000967,Male,27,Germany,5,24645.73,2,0,1,95571.73,4107.62,0.33,3.88,1
10000968,Female,60,France,1,207328.56,4,1,1,30260.88,103664.28,2.0,0.15,0
10000969,Female,51,Spain,7,176668.88,4,1,1,44917.27,22083.61,0.5,0.25,0
10000970,Male,43,Spain,0,154304.7,4,0,1,81690.77,154304.7,4.0,0.53,0
10000971,Female,58,Spain,6,38995.22,3,1,0,66993.33,5570.75,0.43,1.72,0
10000972,Male,66,Spain,1,119624.03,2,0,1,66634.51,59812.02,1.0,0.56,0
10000973,Male,20,Germany,9,195139.01,3,0,1,88804.77,19513.9,0.3,0.46,0
10000974,Male,23,France,5,75905.98,4,0,1,95971.47,12651.0,0.67,1.26,0
10000975,Female,22,France,1,77922.46,2,0,1,123592.0,38961.23,1.0,1.59,0
10000976,Female,22,France,1,785.23,3,0,0,64325.65,392.62,1.5,81.82,0
10000977,Female,64,Spain,9,43560.85,3,1,1,124710.62,4356.08,0.3,2.86,0
10000978,Female,40,Spain,7,218851.41,1,0,1,64019.46,27356.43,0.12,0.29,0
10000979,Female,66,France,1,110436.62,3,1,1,27206.29,55218.31,1.5,0.25,0
10000980,Female,26,Spain,6,246058.62,4,1,0,92044.39,35151.23,0.57,0.37,0
10000981,Female,52,France,2,98926.99,3,0,0,96427.3,32975.66,1.0,0.97,0
10000982,Female,37,France,7,178796.61,2,1,1,141490.23,22349.58,0.25,0.79,0
10000983,Female,66,France,6,70479.76,3,0,1,114387.97,10068.54,0.43,1.62,0
10000984,Male,59,France,7,90952.41,1,1,1,139310.44,11369.05,0.12,1.53,1
10000985,Female,52,France,6,47681.5,2,1,0,138085.14,6811.64,0.29,2.9,1
10000986,Female,67,France,5,86765.59,2,1,1,98594.63,14460.93,0.33,1.14,0
10000987,Female,35,France,6,136809.38,1,0,1,88609.07,19544.2,0.14,0.65,0
10000988,Female,34,Spain,4,247943.22,4,1,1,92467.33,49588.64,0.8,0.37,0
10000989,Female,41,France,6,166050.43,2,0,0,147183.0,23721.49,0.29,0.89,1
10000990,Female,20,France,0,49811.49,4,1,1,120511.8,49811.49,4.0,2.42,0
10000991,Female,49,Spain,0,11240.36,2,1,1,33814.57,11240.36,2.0,3.01,0
10000992,Female,52,Spain,8,31589.12,2,1,0,121195.69,3509.9,0.22,3.84,1
10000993,Female,55,Spain,4,140638.8,4,1,0,42169.95,28127.76,0.8,0.3,1
10000994,Female,30,France,4,191290.08,2,0,1,78155.57,38258.02,0.4,0.41,0
10000995,Female,64,Germany,2,235104.8,4,0,0,47359.76,78368.27,1.33,0.2,1
10000996,Male,42,Germany,4,3955.79,1,1,1,109645.8,791.16,0.2,27.71,1
10000997,Male,26,Spain,2,130690.04,4,1,0,134050.27,43563.35,1.33,1.03,1
10000998,Female,21,Germany,8,117716.84,1,0,0,57747.05,13079.65,0.11,0.49,0
10000999,Female,31,Spain,8,164013.76,2,0,1,30661.4,18223.75,0.22,0.19,0
10001000,Male,54,France,5,139894.71,4,0,1,58804.1,23315.78,0.67,0.42,0
